Name;Time;Value
Comercial;-1.000000;0.000000
Comercial;0.000000;1038.000000
Comercial;1.000000;1030.000000
Comercial;2.000000;1057.000000
Comercial;3.000000;1044.000000
Comercial;4.000000;1038.000000
Comercial;5.000000;1002.000000
Comercial;6.000000;979.000000
Comercial;7.000000;985.000000
Comercial;8.000000;1047.000000
Comercial;9.000000;1067.000000
Comercial;10.000000;1113.000000
Comercial;11.000000;1139.000000
Comercial;12.000000;1185.000000
Comercial;13.000000;1144.000000
Comercial;14.000000;1152.000000
Comercial;15.000000;1175.000000
Comercial;16.000000;1137.000000
Comercial;17.000000;1114.000000
Comercial;18.000000;1071.000000
Comercial;19.000000;1116.000000
Comercial;20.000000;1135.000000
Comercial;21.000000;1115.000000
Comercial;22.000000;1220.000000
Comercial;23.000000;1186.000000
Comercial;24.000000;1329.000000
Comercial;25.000000;1241.000000
Comercial;26.000000;1257.000000
Comercial;27.000000;1179.000000
Comercial;28.000000;1188.000000
Comercial;29.000000;1132.000000
Comercial;30.000000;1105.000000
Comercial;31.000000;1156.000000
Comercial;32.000000;1153.000000
Comercial;33.000000;1191.000000
Comercial;34.000000;1236.000000
Comercial;35.000000;1257.000000
Comercial;36.000000;1332.000000
Comercial;37.000000;1226.000000
Comercial;38.000000;1256.000000
Comercial;39.000000;1375.000000
Comercial;40.000000;1222.000000
Comercial;41.000000;1231.000000
Comercial;42.000000;1219.000000
Comercial;43.000000;1258.000000
Comercial;44.000000;1326.000000
Comercial;45.000000;1284.000000
Comercial;46.000000;1351.000000
Comercial;47.000000;1397.000000
Comercial;48.000000;1470.000000
Comercial;49.000000;1409.000000
Comercial;50.000000;1366.000000
Comercial;51.000000;1468.000000
Comercial;52.000000;1364.000000
Comercial;53.000000;1420.000000
Comercial;54.000000;1315.000000
Comercial;55.000000;1306.000000
Comercial;56.000000;1398.000000
Comercial;57.000000;1383.000000
Comercial;58.000000;1400.000000
Comercial;59.000000;1455.000000
Comercial;60.000000;1552.000000
Comercial;61.000000;1573.000000
Comercial;62.000000;1577.000000
Comercial;63.000000;1445.000000
Comercial;63.001000;1445.000000
Comercial;63.002000;1445.000000
Comercial;63.003000;1445.000000
Comercial;63.004000;1445.000000
Comercial;64.000000;1427.000000
Comercial;65.000000;1454.000000
Comercial;66.000000;1377.000000
Comercial;67.000000;1431.000000
Comercial;68.000000;1422.000000
Comercial;69.000000;1384.000000
Comercial;70.000000;1569.000000
Comercial;70.001000;1569.000000
Comercial;70.002000;1569.000000
Comercial;70.003000;1569.000000
Comercial;70.004000;1569.000000
Comercial;71.000000;1493.000000
Comercial;72.000000;1578.000000
Comercial;72.001000;1578.000000
Comercial;72.002000;1578.000000
Comercial;72.003000;1578.000000
Comercial;72.004000;1578.000000
Comercial;73.000000;1549.000000
Comercial;74.000000;1546.000000
Comercial;74.001000;1546.000000
Comercial;74.002000;1546.000000
Comercial;74.003000;1546.000000
Comercial;74.004000;1546.000000
Comercial;75.000000;1605.000000
Comercial;76.000000;1517.000000
Comercial;77.000000;1472.000000
Comercial;78.000000;1383.000000
Comercial;79.000000;1510.000000
Comercial;80.000000;1535.000000
Comercial;81.000000;1541.000000
Comercial;82.000000;1678.000000
Comercial;83.000000;1625.000000
Comercial;84.000000;1731.000000
Comercial;85.000000;1695.000000
Comercial;86.000000;1556.000000
Comercial;87.000000;1641.000000
Comercial;88.000000;1628.000000
Comercial;89.000000;1564.000000
Comercial;90.000000;1517.000000
Comercial;91.000000;1609.000000
Comercial;92.000000;1589.000000
Comercial;93.000000;1642.000000
Comercial;94.000000;1747.000000
Comercial;95.000000;1691.000000
Comercial;96.000000;1955.000000
Comercial;97.000000;1611.000000
Comercial;98.000000;1759.000000
Comercial;99.000000;1684.000000
Comercial;100.000000;1717.000000
Comercial;101.000000;1591.000000
Comercial;102.000000;1592.000000
Comercial;103.000000;1653.000000
Comercial;104.000000;1689.000000
Comercial;105.000000;1678.000000
Comercial;106.000000;1785.000000
Comercial;107.000000;1751.000000
Comercial;108.000000;1905.000000
Comercial;109.000000;1826.000000
Comercial;110.000000;1806.000000
Comercial;111.000000;1904.000000
Comercial;112.000000;1719.000000
Comercial;113.000000;1727.000000
Comercial;114.000000;1700.000000
Comercial;115.000000;1606.000000
Comercial;116.000000;1803.000000
Comercial;117.000000;1792.000000
Comercial;118.000000;1729.000000
Comercial;119.000000;1820.000000
Comercial;120.000000;1890.000000
Comercial;121.000000;1907.000000
Comercial;122.000000;1832.000000
Comercial;123.000000;1938.000000
Comercial;124.000000;1801.000000
Comercial;125.000000;1788.000000
Comercial;126.000000;1771.000000
Comercial;127.000000;1755.000000
Comercial;128.000000;1946.000000
Comercial;129.000000;1859.000000
Comercial;130.000000;1947.000000
Comercial;131.000000;1933.000000
Comercial;132.000000;2059.000000
Comercial;133.000000;2067.000000
Comercial;134.000000;2032.000000
Comercial;135.000000;2115.000000
Comercial;136.000000;1933.000000
Comercial;137.000000;1940.000000
Comercial;138.000000;1776.000000
Comercial;139.000000;1841.000000
Comercial;140.000000;1936.000000
Comercial;141.000000;1915.000000
Comercial;142.000000;2069.000000
Comercial;143.000000;2107.000000
Comercial;144.000000;2151.000000
Comercial;145.000000;2101.000000
Comercial;146.000000;1992.000000
Comercial;147.000000;2086.000000
Comercial;148.000000;2097.000000
Comercial;149.000000;2047.000000
Comercial;150.000000;1921.000000
Comercial;151.000000;2025.000000
Comercial;152.000000;2040.000000
Comercial;153.000000;2054.000000
Comercial;154.000000;2227.000000
Comercial;155.000000;2216.000000
Comercial;156.000000;2333.000000
Comercial;157.000000;2281.000000
Comercial;158.000000;2240.000000
Comercial;159.000000;2165.000000
Comercial;160.000000;2162.000000
Comercial;161.000000;2080.000000
Comercial;162.000000;2054.000000
Comercial;163.000000;2075.000000
Comercial;164.000000;2067.000000
Comercial;164.001000;2067.000000
Comercial;164.002000;2067.000000
Comercial;164.003000;2067.000000
Comercial;164.004000;2067.000000
Comercial;165.000000;2093.000000
Comercial;166.000000;2212.000000
Comercial;167.000000;2178.000000
Comercial;168.000000;2336.000000
Comercial;169.000000;2225.000000
Comercial;170.000000;2240.000000
Comercial;171.000000;2447.000000
Comercial;172.000000;2283.000000
Comercial;173.000000;2179.000000
Comercial;174.000000;2144.000000
Comercial;175.000000;2199.000000
Comercial;176.000000;2247.000000
Comercial;177.000000;2292.000000
Comercial;178.000000;2381.000000
Comercial;179.000000;2419.000000
Comercial;180.000000;2463.000000
Comercial;181.000000;2422.000000
Comercial;182.000000;2382.000000
Comercial;183.000000;2508.000000
Comercial;184.000000;2329.000000
Comercial;185.000000;2367.000000
Comercial;186.000000;2188.000000
Comercial;187.000000;2238.000000
Comercial;188.000000;2443.000000
Comercial;189.000000;2459.000000
Comercial;190.000000;2513.000000
Comercial;191.000000;2557.000000
Comercial;192.000000;2746.000000
Comercial;193.000000;2708.000000
Comercial;194.000000;2708.000000
Comercial;195.000000;2765.000000
Comercial;196.000000;2623.000000
Comercial;197.000000;2550.000000
Comercial;198.000000;2536.000000
Comercial;199.000000;2578.000000
Comercial;200.000000;2763.000000
Comercial;201.000000;2675.000000
Comercial;202.000000;2828.000000
Comercial;203.000000;2796.000000
Comercial;204.000000;2951.000000
Comercial;205.000000;3007.000000
Comercial;206.000000;2956.000000
Comercial;207.000000;3041.000000
Comercial;208.000000;2885.000000
Comercial;208.001000;2885.000000
Comercial;208.002000;2885.000000
Comercial;208.003000;2885.000000
Comercial;208.004000;2885.000000
Comercial;209.000000;2797.000000
Comercial;210.000000;2647.000000
Comercial;211.000000;2796.000000
Comercial;212.000000;2813.000000
Comercial;213.000000;2881.000000
Comercial;214.000000;2997.000000
Comercial;215.000000;2993.000000
Comercial;216.000000;3309.000000
Comercial;217.000000;3219.000000
Comercial;218.000000;3121.000000
Comercial;219.000000;3134.000000
Comercial;220.000000;3100.000000
Comercial;221.000000;2970.000000
Comercial;222.000000;2956.000000
Comercial;223.000000;3072.000000
Comercial;224.000000;3151.000000
Comercial;225.000000;3303.000000
Comercial;226.000000;3434.000000
Comercial;227.000000;3428.000000
Comercial;228.000000;3735.000000
Comercial;229.000000;3486.000000
Comercial;230.000000;3468.000000
Comercial;231.000000;3608.000000
Comercial;232.000000;3422.000000
Comercial;233.000000;3193.000000
Comercial;234.000000;3161.000000
Comercial;235.000000;3352.000000
Comercial;236.000000;3481.000000
Comercial;237.000000;3478.000000
Comercial;238.000000;3538.000000
Comercial;239.000000;3622.000000
Comercial;240.000000;3806.000000
Comercial;241.000000;3661.000000
Comercial;241.001000;3661.000000
Comercial;241.002000;3661.000000
Comercial;241.003000;3661.000000
Comercial;241.004000;3661.000000
Comercial;242.000000;3687.000000
Comercial;243.000000;3929.000000
Comercial;244.000000;3521.000000
Comercial;245.000000;3449.000000
Comercial;246.000000;3413.000000
Comercial;247.000000;3483.000000
Comercial;248.000000;3618.000000
Comercial;249.000000;3590.000000
Comercial;250.000000;3683.000000
Comercial;251.000000;3749.000000
Comercial;252.000000;4083.000000
Comercial;253.000000;4016.000000
Comercial;254.000000;4099.000000
Comercial;255.000000;4065.000000
Comercial;256.000000;3931.000000
Comercial;257.000000;3736.000000
Comercial;258.000000;3756.000000
Comercial;259.000000;3650.000000
Comercial;260.000000;3886.000000
Comercial;261.000000;4014.000000
Comercial;262.000000;4190.000000
Comercial;263.000000;4201.000000
Comercial;264.000000;4288.000000
Comercial;265.000000;4393.000000
Comercial;265.001000;4393.000000
Comercial;265.002000;4393.000000
Comercial;265.003000;4393.000000
Comercial;265.004000;4393.000000
Comercial;266.000000;4358.000000
Comercial;267.000000;4480.000000
Comercial;268.000000;4149.000000
Comercial;269.000000;3537.000000
Comercial;270.000000;2932.000000
Comercial;270.001000;2932.000000
Comercial;270.002000;2932.000000
Comercial;270.003000;2932.000000
Comercial;270.004000;2932.000000
Comercial;271.000000;2945.000000
Comercial;272.000000;3172.000000
Comercial;273.000000;3266.000000
Comercial;274.000000;3412.000000
Comercial;275.000000;3501.000000
Comercial;276.000000;3639.000000
Comercial;277.000000;3708.000000
Comercial;277.001000;3708.000000
Comercial;277.002000;3708.000000
Comercial;277.003000;3708.000000
Comercial;277.004000;3708.000000
Comercial;278.000000;3696.000000
Comercial;278.001000;3696.000000
Comercial;278.002000;3696.000000
Comercial;278.003000;3696.000000
Comercial;278.004000;3696.000000
Comercial;279.000000;3959.000000
Comercial;280.000000;3903.000000
Comercial;281.000000;3631.000000
Comercial;282.000000;3450.000000
Comercial;283.000000;3625.000000
Comercial;284.000000;3692.000000
Comercial;285.000000;3822.000000
Comercial;286.000000;4056.000000
Comercial;287.000000;4074.000000
Comercial;288.000000;4182.000000
Comercial;289.000000;4153.000000
Comercial;290.000000;4221.000000
Comercial;291.000000;3948.000000
Comercial;292.000000;3938.000000
Comercial;293.000000;3711.000000
Comercial;294.000000;3667.000000
Comercial;295.000000;3720.000000
Comercial;296.000000;3686.000000
Comercial;297.000000;4001.000000
Comercial;298.000000;4076.000000
Comercial;299.000000;4219.000000
Comercial;300.000000;4245.000000
Comercial;301.000000;4147.000000
Comercial;302.000000;4204.000000
Comercial;303.000000;4447.000000
Comercial;304.000000;4106.000000
Comercial;305.000000;3840.000000
Comercial;306.000000;3887.000000
Comercial;307.000000;3867.000000
Comercial;308.000000;4121.000000
Comercial;309.000000;4188.000000
Comercial;310.000000;4233.000000
Comercial;311.000000;4400.000000
Comercial;312.000000;4493.000000
Comercial;313.000000;4366.000000
Comercial;314.000000;4553.000000
Comercial;315.000000;4687.000000
Comercial;316.000000;4378.000000
Comercial;317.000000;4298.000000
Comercial;318.000000;4147.000000
Comercial;319.000000;4142.000000
Comercial;320.000000;4361.000000
Comercial;321.000000;4412.000000
Comercial;322.000000;4537.000000
Comercial;323.000000;4662.000000
Comercial;324.000000;4643.000000
Comercial;325.000000;4826.000000
Comercial;326.000000;4875.000000
Comercial;327.000000;4834.000000
Comercial;328.000000;4419.000000
Comercial;329.000000;4320.000000
Comercial;330.000000;4231.000000
Comercial;331.000000;4408.000000
Comercial;332.000000;4512.000000
Comercial;333.000000;4582.000000
Comercial;334.000000;4768.000000
Comercial;335.000000;4952.000000
Comercial;336.000000;4942.000000
Comercial;336.001000;4942.000000
Comercial;336.002000;4942.000000
Comercial;336.003000;4942.000000
Comercial;336.004000;4942.000000
Comercial;337.000000;4924.000000
Comercial;338.000000;5099.000000
Comercial;339.000000;5287.000000
Comercial;340.000000;4864.000000
Comercial;341.000000;4587.000000
Comercial;342.000000;4487.000000
Comercial;343.000000;4520.000000
Comercial;344.000000;4787.000000
Comercial;345.000000;4882.000000
Comercial;346.000000;5106.000000
Comercial;347.000000;5162.000000
Comercial;348.000000;5228.000000
Comercial;349.000000;5190.000000
Comercial;350.000000;5242.000000
Comercial;351.000000;5206.000000
Comercial;352.000000;5091.000000
Comercial;353.000000;4829.000000
Comercial;354.000000;4791.000000
Comercial;355.000000;4984.000000
Comercial;356.000000;5104.000000
Comercial;357.000000;5261.000000
Comercial;357.001000;5261.000000
Comercial;357.002000;5261.000000
Comercial;357.003000;5261.000000
Comercial;357.004000;5261.000000
Comercial;358.000000;5501.000000
Comercial;359.000000;5386.000000
Comercial;360.000000;5368.000000
Comercial;361.000000;5443.000000
Comercial;362.000000;5698.000000
Comercial;363.000000;5686.000000
Comercial;364.000000;5248.000000
Comercial;365.000000;5031.000000
Comercial;366.000000;4997.000000
Comercial;367.000000;5129.000000
Comercial;368.000000;5304.000000
Comercial;369.000000;5493.000000
Comercial;370.000000;5764.000000
Comercial;370.001000;5764.000000
Comercial;370.002000;5764.000000
Comercial;370.003000;5764.000000
Comercial;370.004000;5764.000000
Comercial;371.000000;6095.000000
Comercial;372.000000;5851.000000
Comercial;373.000000;5885.000000
Comercial;374.000000;6162.000000
Comercial;375.000000;6010.000000
Comercial;376.000000;5658.000000
Comercial;377.000000;5420.000000
Comercial;378.000000;5224.000000
Comercial;379.000000;5451.000000
Comercial;380.000000;5658.000000
Comercial;381.000000;5713.000000
Comercial;382.000000;5833.000000
Comercial;383.000000;6305.000000
Comercial;384.000000;6250.000000
Comercial;385.000000;6331.000000
Comercial;386.000000;6373.000000
Comercial;387.000000;6298.000000
Comercial;388.000000;6002.000000
Comercial;389.000000;5719.000000
Comercial;390.000000;5654.000000
Comercial;391.000000;5879.000000
Comercial;392.000000;6113.000000
Comercial;393.000000;6156.000000
Comercial;394.000000;6208.000000
Comercial;395.000000;6498.000000
Comercial;396.000000;6466.000000
Comercial;397.000000;6608.000000
Comercial;398.000000;7037.000000
Comercial;398.001000;7037.000000
Comercial;398.002000;7037.000000
Comercial;398.003000;7037.000000
Comercial;398.004000;7037.000000
Comercial;399.000000;6856.000000
Comercial;400.000000;6417.000000
Comercial;401.000000;6282.000000
Comercial;402.000000;6033.000000
Comercial;403.000000;6303.000000
Comercial;404.000000;6502.000000
Comercial;405.000000;6592.000000
Comercial;406.000000;7051.000000
Comercial;407.000000;7080.000000
Comercial;408.000000;7202.000000
Comercial;409.000000;7035.000000
Comercial;410.000000;7147.000000
Comercial;411.000000;7051.000000
Comercial;412.000000;6833.000000
Comercial;413.000000;6595.000000
Comercial;414.000000;6454.000000
Comercial;415.000000;6601.000000
Comercial;416.000000;6760.000000
Comercial;417.000000;7071.000000
Comercial;418.000000;7382.000000
Comercial;419.000000;7572.000000
Comercial;420.000000;7745.000000
Comercial;421.000000;8204.000000
Comercial;422.000000;7744.000000
Comercial;423.000000;7588.000000
Comercial;424.000000;7304.000000
Comercial;425.000000;6862.000000
Comercial;425.001000;6862.000000
Comercial;425.002000;6862.000000
Comercial;425.003000;6862.000000
Comercial;425.004000;6862.000000
Comercial;426.000000;6773.000000
Comercial;427.000000;6989.000000
Comercial;428.000000;7186.000000
Comercial;429.000000;7615.000000
Comercial;430.000000;7974.000000
Comercial;431.000000;7856.000000
Comercial;432.000000;8043.000000
Comercial;433.000000;8057.000000
Comercial;434.000000;7876.000000
Comercial;435.000000;7876.000000
Comercial;436.000000;7336.000000
Comercial;437.000000;7047.000000
Comercial;438.000000;6813.000000
Comercial;439.000000;7050.000000
Comercial;440.000000;7134.000000
Comercial;441.000000;7602.000000
Comercial;442.000000;7759.000000
Comercial;443.000000;7821.000000
Comercial;444.000000;7756.000000
Comercial;445.000000;7719.000000
Comercial;446.000000;7809.000000
Comercial;447.000000;8066.000000
Comercial;447.001000;8066.000000
Comercial;447.002000;8066.000000
Comercial;447.003000;8066.000000
Comercial;447.004000;8066.000000
Comercial;448.000000;7403.000000
Comercial;449.000000;6861.000000
Comercial;450.000000;6706.000000
Comercial;451.000000;6787.000000
Comercial;451.001000;6787.000000
Comercial;451.002000;6787.000000
Comercial;451.003000;6787.000000
Comercial;451.004000;6787.000000
Comercial;452.000000;7063.000000
Comercial;453.000000;7078.000000
Comercial;454.000000;7375.000000
Comercial;455.000000;7562.000000
Comercial;456.000000;7775.000000
Comercial;457.000000;7670.000000
Comercial;458.000000;7956.000000
Comercial;459.000000;7684.000000
Comercial;460.000000;7195.000000
Comercial;461.000000;6937.000000
Comercial;462.000000;6653.000000
Comercial;463.000000;6712.000000
Comercial;464.000000;7118.000000
Comercial;465.000000;7316.000000
Comercial;466.000000;7486.000000
Comercial;467.000000;7628.000000
Comercial;468.000000;7636.000000
Comercial;469.000000;7637.000000
Comercial;470.000000;7798.000000
Comercial;471.000000;7928.000000
Comercial;472.000000;7473.000000
Comercial;472.001000;7473.000000
Comercial;472.002000;7473.000000
Comercial;472.003000;7473.000000
Comercial;472.004000;7473.000000
Comercial;473.000000;6961.000000
Comercial;474.000000;6734.000000
Comercial;475.000000;6908.000000
Comercial;476.000000;7030.000000
Comercial;477.000000;7393.000000
Comercial;478.000000;7603.000000
Comercial;479.000000;7696.000000
Comercial;480.000000;8096.000000
Comercial;481.000000;8198.000000
Comercial;482.000000;8062.000000
Comercial;483.000000;7805.000000
Comercial;484.000000;7779.000000
Comercial;485.000000;7118.000000
Comercial;486.000000;6916.000000
Comercial;487.000000;6955.000000
Comercial;488.000000;7251.000000
Comercial;489.000000;7756.000000
Comercial;490.000000;8118.000000
Comercial;490.001000;8118.000000
Comercial;490.002000;8118.000000
Comercial;490.003000;8118.000000
Comercial;490.004000;8118.000000
Comercial;491.000000;8065.000000
Comercial;492.000000;8042.000000
Comercial;493.000000;8019.000000
Comercial;494.000000;7817.000000
Comercial;494.001000;7817.000000
Comercial;494.002000;7817.000000
Comercial;494.003000;7817.000000
Comercial;494.004000;7817.000000
Comercial;495.000000;6393.000000
Comercial;496.000000;5816.000000
Comercial;496.001000;5816.000000
Comercial;496.002000;5816.000000
Comercial;496.003000;5816.000000
Comercial;496.004000;5816.000000
Comercial;497.000000;5612.000000
Comercial;498.000000;5936.000000
Comercial;499.000000;6259.000000
Comercial;500.000000;6667.000000
Comercial;501.000000;7286.000000
Comercial;502.000000;7104.000000
Comercial;502.001000;7104.000000
Comercial;502.002000;7104.000000
Comercial;502.003000;7104.000000
Comercial;502.004000;7104.000000
Comercial;503.000000;7457.000000
Comercial;504.000000;7471.000000
Comercial;504.001000;7471.000000
Comercial;504.002000;7471.000000
Comercial;504.003000;7471.000000
Comercial;504.004000;7471.000000
Comercial;505.000000;7437.000000
Comercial;506.000000;7922.000000
Comercial;507.000000;7178.000000
Residencial;-1.000000;0.000000
Residencial;0.000000;1712.000000
Residencial;1.000000;1647.000000
Residencial;2.000000;1736.000000
Residencial;3.000000;1681.000000
Residencial;4.000000;1757.000000
Residencial;5.000000;1689.000000
Residencial;6.000000;1730.000000
Residencial;7.000000;1697.000000
Residencial;8.000000;1809.000000
Residencial;9.000000;1789.000000
Residencial;10.000000;1840.000000
Residencial;11.000000;1867.000000
Residencial;12.000000;1930.000000
Residencial;13.000000;1865.000000
Residencial;14.000000;1885.000000
Residencial;15.000000;1914.000000
Residencial;16.000000;1932.000000
Residencial;17.000000;1894.000000
Residencial;18.000000;1891.000000
Residencial;19.000000;1965.000000
Residencial;20.000000;1946.000000
Residencial;21.000000;1939.000000
Residencial;22.000000;2061.000000
Residencial;23.000000;1962.000000
Residencial;24.000000;2296.000000
Residencial;25.000000;2029.000000
Residencial;26.000000;2080.000000
Residencial;27.000000;1974.000000
Residencial;28.000000;2083.000000
Residencial;29.000000;1949.000000
Residencial;30.000000;2007.000000
Residencial;31.000000;2090.000000
Residencial;32.000000;2081.000000
Residencial;33.000000;2117.000000
Residencial;34.000000;2149.000000
Residencial;35.000000;2105.000000
Residencial;36.000000;2326.000000
Residencial;37.000000;2050.000000
Residencial;38.000000;2140.000000
Residencial;39.000000;2342.000000
Residencial;40.000000;2163.000000
Residencial;41.000000;2207.000000
Residencial;42.000000;2239.000000
Residencial;43.000000;2236.000000
Residencial;44.000000;2343.000000
Residencial;45.000000;2290.000000
Residencial;46.000000;2380.000000
Residencial;47.000000;2350.000000
Residencial;48.000000;2538.000000
Residencial;49.000000;2416.000000
Residencial;50.000000;2397.000000
Residencial;51.000000;2564.000000
Residencial;52.000000;2407.000000
Residencial;53.000000;2562.000000
Residencial;54.000000;2407.000000
Residencial;55.000000;2403.000000
Residencial;56.000000;2592.000000
Residencial;57.000000;2507.000000
Residencial;58.000000;2501.000000
Residencial;59.000000;2448.000000
Residencial;60.000000;2619.000000
Residencial;61.000000;2626.000000
Residencial;62.000000;2694.000000
Residencial;63.000000;2476.000000
Residencial;63.001000;2476.000000
Residencial;63.002000;2476.000000
Residencial;63.003000;2476.000000
Residencial;63.004000;2476.000000
Residencial;64.000000;2548.000000
Residencial;65.000000;2540.000000
Residencial;66.000000;2486.000000
Residencial;67.000000;2523.000000
Residencial;68.000000;2638.000000
Residencial;69.000000;2485.000000
Residencial;70.000000;2733.000000
Residencial;70.001000;2733.000000
Residencial;70.002000;2733.000000
Residencial;70.003000;2733.000000
Residencial;70.004000;2733.000000
Residencial;71.000000;2555.000000
Residencial;72.000000;2753.000000
Residencial;72.001000;2753.000000
Residencial;72.002000;2753.000000
Residencial;72.003000;2753.000000
Residencial;72.004000;2753.000000
Residencial;73.000000;2654.000000
Residencial;74.000000;2643.000000
Residencial;74.001000;2643.000000
Residencial;74.002000;2643.000000
Residencial;74.003000;2643.000000
Residencial;74.004000;2643.000000
Residencial;75.000000;2797.000000
Residencial;76.000000;2692.000000
Residencial;77.000000;2655.000000
Residencial;78.000000;2518.000000
Residencial;79.000000;2710.000000
Residencial;80.000000;2767.000000
Residencial;81.000000;2741.000000
Residencial;82.000000;2907.000000
Residencial;83.000000;2787.000000
Residencial;84.000000;3018.000000
Residencial;85.000000;2936.000000
Residencial;86.000000;2711.000000
Residencial;87.000000;2870.000000
Residencial;88.000000;2985.000000
Residencial;89.000000;2945.000000
Residencial;90.000000;2884.000000
Residencial;91.000000;3038.000000
Residencial;92.000000;3028.000000
Residencial;93.000000;3053.000000
Residencial;94.000000;3197.000000
Residencial;95.000000;3082.000000
Residencial;96.000000;3430.000000
Residencial;97.000000;3157.000000
Residencial;98.000000;3274.000000
Residencial;99.000000;3113.000000
Residencial;100.000000;3225.000000
Residencial;101.000000;3020.000000
Residencial;102.000000;3104.000000
Residencial;103.000000;3217.000000
Residencial;104.000000;3174.000000
Residencial;105.000000;3207.000000
Residencial;106.000000;3241.000000
Residencial;107.000000;3181.000000
Residencial;108.000000;3581.000000
Residencial;109.000000;3345.000000
Residencial;110.000000;3301.000000
Residencial;111.000000;3550.000000
Residencial;112.000000;3258.000000
Residencial;113.000000;3320.000000
Residencial;114.000000;3291.000000
Residencial;115.000000;3171.000000
Residencial;116.000000;3501.000000
Residencial;117.000000;3443.000000
Residencial;118.000000;3367.000000
Residencial;119.000000;3408.000000
Residencial;120.000000;3528.000000
Residencial;121.000000;3636.000000
Residencial;122.000000;3476.000000
Residencial;123.000000;3717.000000
Residencial;124.000000;3555.000000
Residencial;125.000000;3547.000000
Residencial;126.000000;3609.000000
Residencial;127.000000;3530.000000
Residencial;128.000000;3844.000000
Residencial;129.000000;3704.000000
Residencial;130.000000;3808.000000
Residencial;131.000000;3701.000000
Residencial;132.000000;4090.000000
Residencial;133.000000;3865.000000
Residencial;134.000000;3954.000000
Residencial;135.000000;4107.000000
Residencial;136.000000;3917.000000
Residencial;137.000000;3934.000000
Residencial;138.000000;3713.000000
Residencial;139.000000;3871.000000
Residencial;140.000000;4103.000000
Residencial;141.000000;4125.000000
Residencial;142.000000;4290.000000
Residencial;143.000000;3982.000000
Residencial;144.000000;4425.000000
Residencial;145.000000;4240.000000
Residencial;146.000000;4059.000000
Residencial;147.000000;4204.000000
Residencial;148.000000;4256.000000
Residencial;149.000000;4268.000000
Residencial;150.000000;4050.000000
Residencial;151.000000;4291.000000
Residencial;152.000000;4276.000000
Residencial;153.000000;4272.000000
Residencial;154.000000;4440.000000
Residencial;155.000000;4327.000000
Residencial;156.000000;4747.000000
Residencial;157.000000;4405.000000
Residencial;158.000000;4449.000000
Residencial;159.000000;4211.000000
Residencial;160.000000;4408.000000
Residencial;161.000000;4140.000000
Residencial;162.000000;4213.000000
Residencial;163.000000;4253.000000
Residencial;164.000000;4279.000000
Residencial;164.001000;4279.000000
Residencial;164.002000;4279.000000
Residencial;164.003000;4279.000000
Residencial;164.004000;4279.000000
Residencial;165.000000;4267.000000
Residencial;166.000000;4343.000000
Residencial;167.000000;4186.000000
Residencial;168.000000;4657.000000
Residencial;169.000000;4252.000000
Residencial;170.000000;4373.000000
Residencial;171.000000;4648.000000
Residencial;172.000000;4447.000000
Residencial;173.000000;4375.000000
Residencial;174.000000;4298.000000
Residencial;175.000000;4378.000000
Residencial;176.000000;4538.000000
Residencial;177.000000;4553.000000
Residencial;178.000000;4595.000000
Residencial;179.000000;4512.000000
Residencial;180.000000;4677.000000
Residencial;181.000000;4624.000000
Residencial;182.000000;4537.000000
Residencial;183.000000;4706.000000
Residencial;184.000000;4511.000000
Residencial;185.000000;4619.000000
Residencial;186.000000;4438.000000
Residencial;187.000000;4456.000000
Residencial;188.000000;4815.000000
Residencial;189.000000;4847.000000
Residencial;190.000000;4911.000000
Residencial;191.000000;4813.000000
Residencial;192.000000;5219.000000
Residencial;193.000000;5062.000000
Residencial;194.000000;5326.000000
Residencial;195.000000;5187.000000
Residencial;196.000000;5230.000000
Residencial;197.000000;5083.000000
Residencial;198.000000;5186.000000
Residencial;199.000000;5171.000000
Residencial;200.000000;5507.000000
Residencial;201.000000;5429.000000
Residencial;202.000000;5651.000000
Residencial;203.000000;5525.000000
Residencial;204.000000;5851.000000
Residencial;205.000000;5742.000000
Residencial;206.000000;5845.000000
Residencial;207.000000;5876.000000
Residencial;208.000000;5676.000000
Residencial;208.001000;5676.000000
Residencial;208.002000;5676.000000
Residencial;208.003000;5676.000000
Residencial;208.004000;5676.000000
Residencial;209.000000;5628.000000
Residencial;210.000000;5547.000000
Residencial;211.000000;5679.000000
Residencial;212.000000;5769.000000
Residencial;213.000000;5836.000000
Residencial;214.000000;5838.000000
Residencial;215.000000;5764.000000
Residencial;216.000000;6522.000000
Residencial;217.000000;6176.000000
Residencial;218.000000;5993.000000
Residencial;219.000000;6050.000000
Residencial;220.000000;6059.000000
Residencial;221.000000;6069.000000
Residencial;222.000000;5981.000000
Residencial;223.000000;6025.000000
Residencial;224.000000;6151.000000
Residencial;225.000000;6335.000000
Residencial;226.000000;6398.000000
Residencial;227.000000;6330.000000
Residencial;228.000000;7178.000000
Residencial;229.000000;6518.000000
Residencial;230.000000;6650.000000
Residencial;231.000000;6675.000000
Residencial;232.000000;6591.000000
Residencial;233.000000;6227.000000
Residencial;234.000000;6320.000000
Residencial;235.000000;6443.000000
Residencial;236.000000;6679.000000
Residencial;237.000000;6711.000000
Residencial;238.000000;6642.000000
Residencial;239.000000;6705.000000
Residencial;240.000000;7190.000000
Residencial;241.000000;6745.000000
Residencial;241.001000;6745.000000
Residencial;241.002000;6745.000000
Residencial;241.003000;6745.000000
Residencial;241.004000;6745.000000
Residencial;242.000000;6841.000000
Residencial;243.000000;7115.000000
Residencial;244.000000;6587.000000
Residencial;245.000000;6642.000000
Residencial;246.000000;6611.000000
Residencial;247.000000;6581.000000
Residencial;248.000000;6795.000000
Residencial;249.000000;6674.000000
Residencial;250.000000;6715.000000
Residencial;251.000000;6797.000000
Residencial;252.000000;7230.000000
Residencial;253.000000;7001.000000
Residencial;254.000000;7099.000000
Residencial;255.000000;6962.000000
Residencial;256.000000;6910.000000
Residencial;257.000000;6737.000000
Residencial;258.000000;6731.000000
Residencial;259.000000;6759.000000
Residencial;260.000000;6985.000000
Residencial;261.000000;7126.000000
Residencial;262.000000;7053.000000
Residencial;263.000000;7021.000000
Residencial;264.000000;7357.000000
Residencial;265.000000;7266.000000
Residencial;265.001000;7266.000000
Residencial;265.002000;7266.000000
Residencial;265.003000;7266.000000
Residencial;265.004000;7266.000000
Residencial;266.000000;7423.000000
Residencial;267.000000;7382.000000
Residencial;268.000000;6948.000000
Residencial;269.000000;5919.000000
Residencial;270.000000;5076.000000
Residencial;270.001000;5076.000000
Residencial;270.002000;5076.000000
Residencial;270.003000;5076.000000
Residencial;270.004000;5076.000000
Residencial;271.000000;5091.000000
Residencial;272.000000;5243.000000
Residencial;273.000000;5185.000000
Residencial;274.000000;5391.000000
Residencial;275.000000;5341.000000
Residencial;276.000000;5771.000000
Residencial;277.000000;5703.000000
Residencial;277.001000;5703.000000
Residencial;277.002000;5703.000000
Residencial;277.003000;5703.000000
Residencial;277.004000;5703.000000
Residencial;278.000000;5818.000000
Residencial;278.001000;5818.000000
Residencial;278.002000;5818.000000
Residencial;278.003000;5818.000000
Residencial;278.004000;5818.000000
Residencial;279.000000;6259.000000
Residencial;280.000000;6215.000000
Residencial;281.000000;6003.000000
Residencial;282.000000;5820.000000
Residencial;283.000000;6035.000000
Residencial;284.000000;6026.000000
Residencial;285.000000;6179.000000
Residencial;286.000000;6449.000000
Residencial;287.000000;6383.000000
Residencial;288.000000;6786.000000
Residencial;289.000000;6518.000000
Residencial;290.000000;6618.000000
Residencial;291.000000;6228.000000
Residencial;292.000000;6354.000000
Residencial;293.000000;6165.000000
Residencial;294.000000;6058.000000
Residencial;295.000000;6175.000000
Residencial;296.000000;6095.000000
Residencial;297.000000;6378.000000
Residencial;298.000000;6385.000000
Residencial;299.000000;6407.000000
Residencial;300.000000;6781.000000
Residencial;301.000000;6429.000000
Residencial;302.000000;6600.000000
Residencial;303.000000;6809.000000
Residencial;304.000000;6477.000000
Residencial;305.000000;6291.000000
Residencial;306.000000;6292.000000
Residencial;307.000000;6304.000000
Residencial;308.000000;6604.000000
Residencial;309.000000;6607.000000
Residencial;310.000000;6631.000000
Residencial;311.000000;6643.000000
Residencial;312.000000;7119.000000
Residencial;313.000000;6758.000000
Residencial;314.000000;6865.000000
Residencial;315.000000;7132.000000
Residencial;316.000000;6718.000000
Residencial;317.000000;6781.000000
Residencial;318.000000;6645.000000
Residencial;319.000000;6705.000000
Residencial;320.000000;6949.000000
Residencial;321.000000;6918.000000
Residencial;322.000000;6976.000000
Residencial;323.000000;7078.000000
Residencial;324.000000;7168.000000
Residencial;325.000000;7132.000000
Residencial;326.000000;7409.000000
Residencial;327.000000;7230.000000
Residencial;328.000000;6933.000000
Residencial;329.000000;6964.000000
Residencial;330.000000;6893.000000
Residencial;331.000000;6940.000000
Residencial;332.000000;7128.000000
Residencial;333.000000;7182.000000
Residencial;334.000000;7439.000000
Residencial;335.000000;7367.000000
Residencial;336.000000;7710.000000
Residencial;336.001000;7710.000000
Residencial;336.002000;7710.000000
Residencial;336.003000;7710.000000
Residencial;336.004000;7710.000000
Residencial;337.000000;7393.000000
Residencial;338.000000;7594.000000
Residencial;339.000000;7729.000000
Residencial;340.000000;7491.000000
Residencial;341.000000;7204.000000
Residencial;342.000000;7071.000000
Residencial;343.000000;7345.000000
Residencial;344.000000;7449.000000
Residencial;345.000000;7512.000000
Residencial;346.000000;7768.000000
Residencial;347.000000;7618.000000
Residencial;348.000000;8134.000000
Residencial;349.000000;7959.000000
Residencial;350.000000;7694.000000
Residencial;351.000000;7755.000000
Residencial;352.000000;7934.000000
Residencial;353.000000;7621.000000
Residencial;354.000000;7654.000000
Residencial;355.000000;7881.000000
Residencial;356.000000;7816.000000
Residencial;357.000000;8120.000000
Residencial;357.001000;8120.000000
Residencial;357.002000;8120.000000
Residencial;357.003000;8120.000000
Residencial;357.004000;8120.000000
Residencial;358.000000;8238.000000
Residencial;359.000000;7943.000000
Residencial;360.000000;8605.000000
Residencial;361.000000;8149.000000
Residencial;362.000000;8490.000000
Residencial;363.000000;8472.000000
Residencial;364.000000;8188.000000
Residencial;365.000000;7909.000000
Residencial;366.000000;8105.000000
Residencial;367.000000;8403.000000
Residencial;368.000000;8417.000000
Residencial;369.000000;8526.000000
Residencial;370.000000;8636.000000
Residencial;370.001000;8636.000000
Residencial;370.002000;8636.000000
Residencial;370.003000;8636.000000
Residencial;370.004000;8636.000000
Residencial;371.000000;8877.000000
Residencial;372.000000;9235.000000
Residencial;373.000000;8912.000000
Residencial;374.000000;9153.000000
Residencial;375.000000;9150.000000
Residencial;376.000000;8709.000000
Residencial;377.000000;8676.000000
Residencial;378.000000;8448.000000
Residencial;379.000000;8812.000000
Residencial;380.000000;8904.000000
Residencial;381.000000;8951.000000
Residencial;382.000000;8963.000000
Residencial;383.000000;9302.000000
Residencial;384.000000;9810.000000
Residencial;385.000000;9405.000000
Residencial;386.000000;9508.000000
Residencial;387.000000;9237.000000
Residencial;388.000000;9138.000000
Residencial;389.000000;8868.000000
Residencial;390.000000;9128.000000
Residencial;391.000000;9201.000000
Residencial;392.000000;9524.000000
Residencial;393.000000;9365.000000
Residencial;394.000000;9303.000000
Residencial;395.000000;9483.000000
Residencial;396.000000;9800.000000
Residencial;397.000000;9705.000000
Residencial;398.000000;10271.000000
Residencial;398.001000;10271.000000
Residencial;398.002000;10271.000000
Residencial;398.003000;10271.000000
Residencial;398.004000;10271.000000
Residencial;399.000000;9928.000000
Residencial;400.000000;9532.000000
Residencial;401.000000;9605.000000
Residencial;402.000000;9274.000000
Residencial;403.000000;9622.000000
Residencial;404.000000;9749.000000
Residencial;405.000000;9788.000000
Residencial;406.000000;10239.000000
Residencial;407.000000;10133.000000
Residencial;408.000000;10925.000000
Residencial;409.000000;10475.000000
Residencial;410.000000;10357.000000
Residencial;411.000000;10302.000000
Residencial;412.000000;10242.000000
Residencial;413.000000;10092.000000
Residencial;414.000000;10022.000000
Residencial;415.000000;10280.000000
Residencial;416.000000;10251.000000
Residencial;417.000000;10545.000000
Residencial;418.000000;10711.000000
Residencial;419.000000;10706.000000
Residencial;420.000000;11798.000000
Residencial;421.000000;11879.000000
Residencial;422.000000;11289.000000
Residencial;423.000000;10780.000000
Residencial;424.000000;10877.000000
Residencial;425.000000;10322.000000
Residencial;425.001000;10322.000000
Residencial;425.002000;10322.000000
Residencial;425.003000;10322.000000
Residencial;425.004000;10322.000000
Residencial;426.000000;10657.000000
Residencial;427.000000;10440.000000
Residencial;428.000000;10576.000000
Residencial;429.000000;11141.000000
Residencial;430.000000;11382.000000
Residencial;431.000000;11161.000000
Residencial;432.000000;12544.000000
Residencial;433.000000;11766.000000
Residencial;434.000000;11083.000000
Residencial;435.000000;10873.000000
Residencial;436.000000;10540.000000
Residencial;437.000000;10095.000000
Residencial;438.000000;10093.000000
Residencial;439.000000;10297.000000
Residencial;440.000000;10419.000000
Residencial;441.000000;11131.000000
Residencial;442.000000;11115.000000
Residencial;443.000000;11067.000000
Residencial;444.000000;11821.000000
Residencial;445.000000;11352.000000
Residencial;446.000000;11318.000000
Residencial;447.000000;11784.000000
Residencial;447.001000;11784.000000
Residencial;447.002000;11784.000000
Residencial;447.003000;11784.000000
Residencial;447.004000;11784.000000
Residencial;448.000000;10942.000000
Residencial;449.000000;10607.000000
Residencial;450.000000;10380.000000
Residencial;451.000000;10447.000000
Residencial;451.001000;10447.000000
Residencial;451.002000;10447.000000
Residencial;451.003000;10447.000000
Residencial;451.004000;10447.000000
Residencial;452.000000;10898.000000
Residencial;453.000000;10855.000000
Residencial;454.000000;11133.000000
Residencial;455.000000;11358.000000
Residencial;456.000000;11881.000000
Residencial;457.000000;11330.000000
Residencial;458.000000;12107.000000
Residencial;459.000000;11110.000000
Residencial;460.000000;10912.000000
Residencial;461.000000;10753.000000
Residencial;462.000000;10389.000000
Residencial;463.000000;10435.000000
Residencial;464.000000;11066.000000
Residencial;465.000000;11119.000000
Residencial;466.000000;11413.000000
Residencial;467.000000;11389.000000
Residencial;468.000000;11849.000000
Residencial;469.000000;11539.000000
Residencial;470.000000;11793.000000
Residencial;471.000000;11781.000000
Residencial;472.000000;11229.000000
Residencial;472.001000;11229.000000
Residencial;472.002000;11229.000000
Residencial;472.003000;11229.000000
Residencial;472.004000;11229.000000
Residencial;473.000000;10918.000000
Residencial;474.000000;10643.000000
Residencial;475.000000;10689.000000
Residencial;476.000000;11007.000000
Residencial;477.000000;11412.000000
Residencial;478.000000;11639.000000
Residencial;479.000000;11519.000000
Residencial;480.000000;12797.000000
Residencial;481.000000;12603.000000
Residencial;482.000000;12338.000000
Residencial;483.000000;11554.000000
Residencial;484.000000;11904.000000
Residencial;485.000000;10877.000000
Residencial;486.000000;10918.000000
Residencial;487.000000;10988.000000
Residencial;488.000000;11365.000000
Residencial;489.000000;11924.000000
Residencial;490.000000;12377.000000
Residencial;490.001000;12377.000000
Residencial;490.002000;12377.000000
Residencial;490.003000;12377.000000
Residencial;490.004000;12377.000000
Residencial;491.000000;12176.000000
Residencial;492.000000;12907.000000
Residencial;493.000000;12370.000000
Residencial;494.000000;12446.000000
Residencial;494.001000;12446.000000
Residencial;494.002000;12446.000000
Residencial;494.003000;12446.000000
Residencial;494.004000;12446.000000
Residencial;495.000000;12308.000000
Residencial;496.000000;11809.000000
Residencial;496.001000;11809.000000
Residencial;496.002000;11809.000000
Residencial;496.003000;11809.000000
Residencial;496.004000;11809.000000
Residencial;497.000000;11393.000000
Residencial;498.000000;11703.000000
Residencial;499.000000;11852.000000
Residencial;500.000000;12241.000000
Residencial;501.000000;13084.000000
Residencial;502.000000;12776.000000
Residencial;502.001000;12776.000000
Residencial;502.002000;12776.000000
Residencial;502.003000;12776.000000
Residencial;502.004000;12776.000000
Residencial;503.000000;13301.000000
Residencial;504.000000;13598.000000
Residencial;504.001000;13598.000000
Residencial;504.002000;13598.000000
Residencial;504.003000;13598.000000
Residencial;504.004000;13598.000000
Residencial;505.000000;12816.000000
Residencial;506.000000;13204.000000
Residencial;507.000000;13295.000000
Industrial;-1.000000;0.000000
Industrial;0.000000;4215.000000
Industrial;1.000000;4221.000000
Industrial;2.000000;4329.000000
Industrial;3.000000;4405.000000
Industrial;4.000000;4563.000000
Industrial;5.000000;4672.000000
Industrial;6.000000;4716.000000
Industrial;7.000000;4779.000000
Industrial;8.000000;4890.000000
Industrial;9.000000;4776.000000
Industrial;10.000000;4940.000000
Industrial;11.000000;4896.000000
Industrial;12.000000;4806.000000
Industrial;13.000000;4808.000000
Industrial;14.000000;4833.000000
Industrial;15.000000;4901.000000
Industrial;16.000000;5009.000000
Industrial;17.000000;5162.000000
Industrial;18.000000;5149.000000
Industrial;19.000000;5432.000000
Industrial;20.000000;5369.000000
Industrial;21.000000;5391.000000
Industrial;22.000000;5505.000000
Industrial;23.000000;5121.000000
Industrial;24.000000;5235.000000
Industrial;25.000000;5031.000000
Industrial;26.000000;5230.000000
Industrial;27.000000;5067.000000
Industrial;28.000000;5175.000000
Industrial;29.000000;5059.000000
Industrial;30.000000;5119.000000
Industrial;31.000000;5233.000000
Industrial;32.000000;4973.000000
Industrial;33.000000;4994.000000
Industrial;34.000000;5128.000000
Industrial;35.000000;4906.000000
Industrial;36.000000;4875.000000
Industrial;37.000000;4836.000000
Industrial;38.000000;5039.000000
Industrial;39.000000;5388.000000
Industrial;40.000000;5285.000000
Industrial;41.000000;5399.000000
Industrial;42.000000;5496.000000
Industrial;43.000000;5645.000000
Industrial;44.000000;5597.000000
Industrial;45.000000;5548.000000
Industrial;46.000000;5494.000000
Industrial;47.000000;5287.000000
Industrial;48.000000;5132.000000
Industrial;49.000000;4994.000000
Industrial;50.000000;5143.000000
Industrial;51.000000;5722.000000
Industrial;52.000000;5553.000000
Industrial;53.000000;5933.000000
Industrial;54.000000;5750.000000
Industrial;55.000000;5866.000000
Industrial;56.000000;6070.000000
Industrial;57.000000;6017.000000
Industrial;58.000000;5961.000000
Industrial;59.000000;5898.000000
Industrial;60.000000;5834.000000
Industrial;61.000000;6161.000000
Industrial;62.000000;6353.000000
Industrial;63.000000;6160.000000
Industrial;63.001000;6160.000000
Industrial;63.002000;6160.000000
Industrial;63.003000;6160.000000
Industrial;63.004000;6160.000000
Industrial;64.000000;6507.000000
Industrial;65.000000;6676.000000
Industrial;66.000000;6777.000000
Industrial;67.000000;7101.000000
Industrial;68.000000;7239.000000
Industrial;69.000000;7093.000000
Industrial;70.000000;7412.000000
Industrial;70.001000;7412.000000
Industrial;70.002000;7412.000000
Industrial;70.003000;7412.000000
Industrial;70.004000;7412.000000
Industrial;71.000000;7142.000000
Industrial;72.000000;7084.000000
Industrial;72.001000;7084.000000
Industrial;72.002000;7084.000000
Industrial;72.003000;7084.000000
Industrial;72.004000;7084.000000
Industrial;73.000000;7219.000000
Industrial;74.000000;7225.000000
Industrial;74.001000;7225.000000
Industrial;74.002000;7225.000000
Industrial;74.003000;7225.000000
Industrial;74.004000;7225.000000
Industrial;75.000000;7547.000000
Industrial;76.000000;7310.000000
Industrial;77.000000;7674.000000
Industrial;78.000000;7376.000000
Industrial;79.000000;7960.000000
Industrial;80.000000;7825.000000
Industrial;81.000000;7846.000000
Industrial;82.000000;7974.000000
Industrial;83.000000;7800.000000
Industrial;84.000000;7530.000000
Industrial;85.000000;7364.000000
Industrial;86.000000;7190.000000
Industrial;87.000000;7647.000000
Industrial;88.000000;8325.000000
Industrial;89.000000;8235.000000
Industrial;90.000000;8285.000000
Industrial;91.000000;8719.000000
Industrial;92.000000;8538.000000
Industrial;93.000000;8551.000000
Industrial;94.000000;8710.000000
Industrial;95.000000;8044.000000
Industrial;96.000000;8306.000000
Industrial;97.000000;7764.000000
Industrial;98.000000;7908.000000
Industrial;99.000000;7749.000000
Industrial;100.000000;8079.000000
Industrial;101.000000;7873.000000
Industrial;102.000000;8011.000000
Industrial;103.000000;8391.000000
Industrial;104.000000;8249.000000
Industrial;105.000000;8344.000000
Industrial;106.000000;8546.000000
Industrial;107.000000;8183.000000
Industrial;108.000000;8219.000000
Industrial;109.000000;8201.000000
Industrial;110.000000;8343.000000
Industrial;111.000000;8472.000000
Industrial;112.000000;8073.000000
Industrial;113.000000;8315.000000
Industrial;114.000000;8494.000000
Industrial;115.000000;8521.000000
Industrial;116.000000;8768.000000
Industrial;117.000000;8690.000000
Industrial;118.000000;8221.000000
Industrial;119.000000;8210.000000
Industrial;120.000000;8085.000000
Industrial;121.000000;8088.000000
Industrial;122.000000;7595.000000
Industrial;123.000000;8550.000000
Industrial;124.000000;8259.000000
Industrial;125.000000;8725.000000
Industrial;126.000000;8966.000000
Industrial;127.000000;8942.000000
Industrial;128.000000;9300.000000
Industrial;129.000000;8896.000000
Industrial;130.000000;9062.000000
Industrial;131.000000;8529.000000
Industrial;132.000000;8327.000000
Industrial;133.000000;8542.000000
Industrial;134.000000;8159.000000
Industrial;135.000000;7980.000000
Industrial;136.000000;7145.000000
Industrial;137.000000;8006.000000
Industrial;138.000000;8155.000000
Industrial;139.000000;8643.000000
Industrial;140.000000;9094.000000
Industrial;141.000000;8544.000000
Industrial;142.000000;8981.000000
Industrial;143.000000;8295.000000
Industrial;144.000000;7599.000000
Industrial;145.000000;8003.000000
Industrial;146.000000;7466.000000
Industrial;147.000000;8138.000000
Industrial;148.000000;8583.000000
Industrial;149.000000;8891.000000
Industrial;150.000000;8796.000000
Industrial;151.000000;9277.000000
Industrial;152.000000;9280.000000
Industrial;153.000000;9068.000000
Industrial;154.000000;9040.000000
Industrial;155.000000;8460.000000
Industrial;156.000000;7953.000000
Industrial;157.000000;8358.000000
Industrial;158.000000;8422.000000
Industrial;159.000000;8361.000000
Industrial;160.000000;8665.000000
Industrial;161.000000;8638.000000
Industrial;162.000000;8749.000000
Industrial;163.000000;9092.000000
Industrial;164.000000;8857.000000
Industrial;164.001000;8857.000000
Industrial;164.002000;8857.000000
Industrial;164.003000;8857.000000
Industrial;164.004000;8857.000000
Industrial;165.000000;8832.000000
Industrial;166.000000;8872.000000
Industrial;167.000000;8528.000000
Industrial;168.000000;8290.000000
Industrial;169.000000;8326.000000
Industrial;170.000000;8498.000000
Industrial;171.000000;9221.000000
Industrial;172.000000;8904.000000
Industrial;173.000000;9087.000000
Industrial;174.000000;9139.000000
Industrial;175.000000;9373.000000
Industrial;176.000000;9321.000000
Industrial;177.000000;9059.000000
Industrial;178.000000;9121.000000
Industrial;179.000000;8642.000000
Industrial;180.000000;8494.000000
Industrial;181.000000;8368.000000
Industrial;182.000000;8477.000000
Industrial;183.000000;9044.000000
Industrial;184.000000;8580.000000
Industrial;185.000000;9026.000000
Industrial;186.000000;8775.000000
Industrial;187.000000;9096.000000
Industrial;188.000000;9450.000000
Industrial;189.000000;9352.000000
Industrial;190.000000;9195.000000
Industrial;191.000000;9206.000000
Industrial;192.000000;9171.000000
Industrial;193.000000;9109.000000
Industrial;194.000000;9070.000000
Industrial;195.000000;9607.000000
Industrial;196.000000;9101.000000
Industrial;197.000000;9351.000000
Industrial;198.000000;9333.000000
Industrial;199.000000;9312.000000
Industrial;200.000000;9647.000000
Industrial;201.000000;9238.000000
Industrial;202.000000;9603.000000
Industrial;203.000000;9124.000000
Industrial;204.000000;8753.000000
Industrial;205.000000;9278.000000
Industrial;206.000000;9204.000000
Industrial;207.000000;9539.000000
Industrial;208.000000;9623.000000
Industrial;208.001000;9623.000000
Industrial;208.002000;9623.000000
Industrial;208.003000;9623.000000
Industrial;208.004000;9623.000000
Industrial;209.000000;9833.000000
Industrial;210.000000;9655.000000
Industrial;211.000000;10390.000000
Industrial;212.000000;10187.000000
Industrial;213.000000;10031.000000
Industrial;214.000000;10076.000000
Industrial;215.000000;9947.000000
Industrial;216.000000;9455.000000
Industrial;217.000000;9840.000000
Industrial;218.000000;9488.000000
Industrial;219.000000;9945.000000
Industrial;220.000000;10304.000000
Industrial;221.000000;10045.000000
Industrial;222.000000;10285.000000
Industrial;223.000000;10685.000000
Industrial;224.000000;10441.000000
Industrial;225.000000;10567.000000
Industrial;226.000000;10727.000000
Industrial;227.000000;9935.000000
Industrial;228.000000;9545.000000
Industrial;229.000000;9722.000000
Industrial;230.000000;9609.000000
Industrial;231.000000;10400.000000
Industrial;232.000000;10367.000000
Industrial;233.000000;10168.000000
Industrial;234.000000;10351.000000
Industrial;235.000000;10723.000000
Industrial;236.000000;10510.000000
Industrial;237.000000;10425.000000
Industrial;238.000000;10343.000000
Industrial;239.000000;9815.000000
Industrial;240.000000;9257.000000
Industrial;241.000000;9441.000000
Industrial;241.001000;9441.000000
Industrial;241.002000;9441.000000
Industrial;241.003000;9441.000000
Industrial;241.004000;9441.000000
Industrial;242.000000;9762.000000
Industrial;243.000000;10512.000000
Industrial;244.000000;10215.000000
Industrial;245.000000;10411.000000
Industrial;246.000000;10467.000000
Industrial;247.000000;10804.000000
Industrial;248.000000;10750.000000
Industrial;249.000000;10742.000000
Industrial;250.000000;10864.000000
Industrial;251.000000;10667.000000
Industrial;252.000000;10024.000000
Industrial;253.000000;10388.000000
Industrial;254.000000;10769.000000
Industrial;255.000000;10942.000000
Industrial;256.000000;10882.000000
Industrial;257.000000;11216.000000
Industrial;258.000000;11049.000000
Industrial;259.000000;11271.000000
Industrial;260.000000;11094.000000
Industrial;261.000000;11350.000000
Industrial;262.000000;11422.000000
Industrial;263.000000;10873.000000
Industrial;264.000000;10426.000000
Industrial;265.000000;10856.000000
Industrial;265.001000;10856.000000
Industrial;265.002000;10856.000000
Industrial;265.003000;10856.000000
Industrial;265.004000;10856.000000
Industrial;266.000000;10892.000000
Industrial;267.000000;11307.000000
Industrial;268.000000;11338.000000
Industrial;269.000000;10662.000000
Industrial;270.000000;9178.000000
Industrial;270.001000;9178.000000
Industrial;270.002000;9178.000000
Industrial;270.003000;9178.000000
Industrial;270.004000;9178.000000
Industrial;271.000000;9520.000000
Industrial;272.000000;9586.000000
Industrial;273.000000;9566.000000
Industrial;274.000000;9686.000000
Industrial;275.000000;9521.000000
Industrial;276.000000;9431.000000
Industrial;277.000000;9919.000000
Industrial;277.001000;9919.000000
Industrial;277.002000;9919.000000
Industrial;277.003000;9919.000000
Industrial;277.004000;9919.000000
Industrial;278.000000;10362.000000
Industrial;278.001000;10362.000000
Industrial;278.002000;10362.000000
Industrial;278.003000;10362.000000
Industrial;278.004000;10362.000000
Industrial;279.000000;10762.000000
Industrial;280.000000;10920.000000
Industrial;281.000000;10898.000000
Industrial;282.000000;10720.000000
Industrial;283.000000;11024.000000
Industrial;284.000000;10893.000000
Industrial;285.000000;11000.000000
Industrial;286.000000;11040.000000
Industrial;287.000000;10659.000000
Industrial;288.000000;10345.000000
Industrial;289.000000;10471.000000
Industrial;290.000000;10565.000000
Industrial;291.000000;10850.000000
Industrial;292.000000;10750.000000
Industrial;293.000000;10788.000000
Industrial;294.000000;10818.000000
Industrial;295.000000;10793.000000
Industrial;296.000000;10855.000000
Industrial;297.000000;11215.000000
Industrial;298.000000;11251.000000
Industrial;299.000000;11531.000000
Industrial;300.000000;11829.000000
Industrial;301.000000;11968.000000
Industrial;302.000000;12421.000000
Industrial;303.000000;12707.000000
Industrial;304.000000;12652.000000
Industrial;305.000000;12931.000000
Industrial;306.000000;13131.000000
Industrial;307.000000;13414.000000
Industrial;308.000000;13285.000000
Industrial;309.000000;13347.000000
Industrial;310.000000;13266.000000
Industrial;311.000000;13211.000000
Industrial;312.000000;12496.000000
Industrial;313.000000;12607.000000
Industrial;314.000000;12911.000000
Industrial;315.000000;13225.000000
Industrial;316.000000;13292.000000
Industrial;317.000000;13140.000000
Industrial;318.000000;13430.000000
Industrial;319.000000;13601.000000
Industrial;320.000000;13552.000000
Industrial;321.000000;13512.000000
Industrial;322.000000;13445.000000
Industrial;323.000000;13397.000000
Industrial;324.000000;12851.000000
Industrial;325.000000;13044.000000
Industrial;326.000000;13382.000000
Industrial;327.000000;13532.000000
Industrial;328.000000;13407.000000
Industrial;329.000000;13569.000000
Industrial;330.000000;13697.000000
Industrial;331.000000;14164.000000
Industrial;332.000000;13825.000000
Industrial;333.000000;13953.000000
Industrial;334.000000;13990.000000
Industrial;335.000000;13767.000000
Industrial;336.000000;13592.000000
Industrial;336.001000;13592.000000
Industrial;336.002000;13592.000000
Industrial;336.003000;13592.000000
Industrial;336.004000;13592.000000
Industrial;337.000000;13684.000000
Industrial;338.000000;14276.000000
Industrial;339.000000;14511.000000
Industrial;340.000000;14558.000000
Industrial;341.000000;14582.000000
Industrial;342.000000;14569.000000
Industrial;343.000000;14860.000000
Industrial;344.000000;14866.000000
Industrial;345.000000;14952.000000
Industrial;346.000000;15025.000000
Industrial;347.000000;14893.000000
Industrial;348.000000;13793.000000
Industrial;349.000000;13967.000000
Industrial;350.000000;14655.000000
Industrial;351.000000;14525.000000
Industrial;352.000000;14791.000000
Industrial;353.000000;14781.000000
Industrial;354.000000;15154.000000
Industrial;355.000000;15412.000000
Industrial;356.000000;15180.000000
Industrial;357.000000;15386.000000
Industrial;357.001000;15386.000000
Industrial;357.002000;15386.000000
Industrial;357.003000;15386.000000
Industrial;357.004000;15386.000000
Industrial;358.000000;14773.000000
Industrial;359.000000;13417.000000
Industrial;360.000000;11924.000000
Industrial;361.000000;12337.000000
Industrial;362.000000;13049.000000
Industrial;363.000000;13200.000000
Industrial;364.000000;12976.000000
Industrial;365.000000;13217.000000
Industrial;366.000000;13611.000000
Industrial;367.000000;14061.000000
Industrial;368.000000;14227.000000
Industrial;369.000000;14552.000000
Industrial;370.000000;14415.000000
Industrial;370.001000;14415.000000
Industrial;370.002000;14415.000000
Industrial;370.003000;14415.000000
Industrial;370.004000;14415.000000
Industrial;371.000000;14229.000000
Industrial;372.000000;13425.000000
Industrial;373.000000;14078.000000
Industrial;374.000000;14766.000000
Industrial;375.000000;14921.000000
Industrial;376.000000;15025.000000
Industrial;377.000000;15180.000000
Industrial;378.000000;15303.000000
Industrial;379.000000;15456.000000
Industrial;380.000000;15405.000000
Industrial;381.000000;15434.000000
Industrial;382.000000;15317.000000
Industrial;383.000000;15169.000000
Industrial;384.000000;14467.000000
Industrial;385.000000;14487.000000
Industrial;386.000000;15188.000000
Industrial;387.000000;15335.000000
Industrial;388.000000;15255.000000
Industrial;389.000000;15387.000000
Industrial;390.000000;15436.000000
Industrial;391.000000;15853.000000
Industrial;392.000000;15731.000000
Industrial;393.000000;15671.000000
Industrial;394.000000;15484.000000
Industrial;395.000000;15282.000000
Industrial;396.000000;14567.000000
Industrial;397.000000;15059.000000
Industrial;398.000000;15579.000000
Industrial;398.001000;15579.000000
Industrial;398.002000;15579.000000
Industrial;398.003000;15579.000000
Industrial;398.004000;15579.000000
Industrial;399.000000;15530.000000
Industrial;400.000000;15264.000000
Industrial;401.000000;15159.000000
Industrial;402.000000;15214.000000
Industrial;403.000000;15628.000000
Industrial;404.000000;15573.000000
Industrial;405.000000;15548.000000
Industrial;406.000000;15470.000000
Industrial;407.000000;14834.000000
Industrial;408.000000;14370.000000
Industrial;409.000000;14790.000000
Industrial;410.000000;15148.000000
Industrial;411.000000;15592.000000
Industrial;412.000000;15569.000000
Industrial;413.000000;15326.000000
Industrial;414.000000;15490.000000
Industrial;415.000000;15886.000000
Industrial;416.000000;15594.000000
Industrial;417.000000;15787.000000
Industrial;418.000000;15810.000000
Industrial;419.000000;15321.000000
Industrial;420.000000;14537.000000
Industrial;421.000000;15107.000000
Industrial;422.000000;15079.000000
Industrial;423.000000;15260.000000
Industrial;424.000000;14943.000000
Industrial;425.000000;14683.000000
Industrial;425.001000;14683.000000
Industrial;425.002000;14683.000000
Industrial;425.003000;14683.000000
Industrial;425.004000;14683.000000
Industrial;426.000000;14554.000000
Industrial;427.000000;15134.000000
Industrial;428.000000;14975.000000
Industrial;429.000000;14929.000000
Industrial;430.000000;15256.000000
Industrial;431.000000;14648.000000
Industrial;432.000000;13709.000000
Industrial;433.000000;14407.000000
Industrial;434.000000;14516.000000
Industrial;435.000000;14565.000000
Industrial;436.000000;14250.000000
Industrial;437.000000;14115.000000
Industrial;438.000000;13891.000000
Industrial;439.000000;14230.000000
Industrial;440.000000;13957.000000
Industrial;441.000000;14064.000000
Industrial;442.000000;13827.000000
Industrial;443.000000;13327.000000
Industrial;444.000000;12538.000000
Industrial;445.000000;13368.000000
Industrial;446.000000;13796.000000
Industrial;447.000000;13871.000000
Industrial;447.001000;13871.000000
Industrial;447.002000;13871.000000
Industrial;447.003000;13871.000000
Industrial;447.004000;13871.000000
Industrial;448.000000;13835.000000
Industrial;449.000000;13733.000000
Industrial;450.000000;13944.000000
Industrial;451.000000;14136.000000
Industrial;451.001000;14136.000000
Industrial;451.002000;14136.000000
Industrial;451.003000;14136.000000
Industrial;451.004000;14136.000000
Industrial;452.000000;13958.000000
Industrial;453.000000;13804.000000
Industrial;454.000000;13822.000000
Industrial;455.000000;13448.000000
Industrial;456.000000;13105.000000
Industrial;457.000000;13323.000000
Industrial;458.000000;13908.000000
Industrial;459.000000;14007.000000
Industrial;460.000000;13598.000000
Industrial;461.000000;13919.000000
Industrial;462.000000;14082.000000
Industrial;463.000000;14197.000000
Industrial;464.000000;14146.000000
Industrial;465.000000;14173.000000
Industrial;466.000000;14316.000000
Industrial;467.000000;14073.000000
Industrial;468.000000;13597.000000
Industrial;469.000000;13845.000000
Industrial;470.000000;14023.000000
Industrial;471.000000;14539.000000
Industrial;472.000000;14048.000000
Industrial;472.001000;14048.000000
Industrial;472.002000;14048.000000
Industrial;472.003000;14048.000000
Industrial;472.004000;14048.000000
Industrial;473.000000;13525.000000
Industrial;474.000000;14170.000000
Industrial;475.000000;14486.000000
Industrial;476.000000;14419.000000
Industrial;477.000000;14312.000000
Industrial;478.000000;14498.000000
Industrial;479.000000;14001.000000
Industrial;480.000000;13575.000000
Industrial;481.000000;13575.000000
Industrial;482.000000;13858.000000
Industrial;483.000000;13676.000000
Industrial;484.000000;14126.000000
Industrial;485.000000;13760.000000
Industrial;486.000000;14000.000000
Industrial;487.000000;14119.000000
Industrial;488.000000;13791.000000
Industrial;489.000000;14306.000000
Industrial;490.000000;14070.000000
Industrial;490.001000;14070.000000
Industrial;490.002000;14070.000000
Industrial;490.003000;14070.000000
Industrial;490.004000;14070.000000
Industrial;491.000000;13442.000000
Industrial;492.000000;13476.000000
Industrial;493.000000;13736.000000
Industrial;494.000000;14071.000000
Industrial;494.001000;14071.000000
Industrial;494.002000;14071.000000
Industrial;494.003000;14071.000000
Industrial;494.004000;14071.000000
Industrial;495.000000;12173.000000
Industrial;496.000000;12248.000000
Industrial;496.001000;12248.000000
Industrial;496.002000;12248.000000
Industrial;496.003000;12248.000000
Industrial;496.004000;12248.000000
Industrial;497.000000;12522.000000
Industrial;498.000000;13864.000000
Industrial;499.000000;14517.000000
Industrial;500.000000;14652.000000
Industrial;501.000000;15109.000000
Industrial;502.000000;14672.000000
Industrial;502.001000;14672.000000
Industrial;502.002000;14672.000000
Industrial;502.003000;14672.000000
Industrial;502.004000;14672.000000
Industrial;503.000000;14589.000000
Industrial;504.000000;14627.000000
Industrial;504.001000;14627.000000
Industrial;504.002000;14627.000000
Industrial;504.003000;14627.000000
Industrial;504.004000;14627.000000
Industrial;505.000000;14346.000000
Industrial;506.000000;15546.000000
Industrial;507.000000;15196.000000
Outros;-1.000000;0.000000
Outros;0.000000;982.000000
Outros;1.000000;961.000000
Outros;2.000000;986.000000
Outros;3.000000;1008.000000
Outros;4.000000;997.000000
Outros;5.000000;1016.000000
Outros;6.000000;1030.000000
Outros;7.000000;1035.000000
Outros;8.000000;1059.000000
Outros;9.000000;1050.000000
Outros;10.000000;1070.000000
Outros;11.000000;1057.000000
Outros;12.000000;1082.000000
Outros;13.000000;1074.000000
Outros;14.000000;1086.000000
Outros;15.000000;1076.000000
Outros;16.000000;1173.000000
Outros;17.000000;1128.000000
Outros;18.000000;1123.000000
Outros;19.000000;1166.000000
Outros;20.000000;1164.000000
Outros;21.000000;1163.000000
Outros;22.000000;1168.000000
Outros;23.000000;1232.000000
Outros;24.000000;1242.000000
Outros;25.000000;1167.000000
Outros;26.000000;1237.000000
Outros;27.000000;1185.000000
Outros;28.000000;1210.000000
Outros;29.000000;1220.000000
Outros;30.000000;1239.000000
Outros;31.000000;1273.000000
Outros;32.000000;1279.000000
Outros;33.000000;1287.000000
Outros;34.000000;1268.000000
Outros;35.000000;1261.000000
Outros;36.000000;1352.000000
Outros;37.000000;1281.000000
Outros;38.000000;1277.000000
Outros;39.000000;1342.000000
Outros;40.000000;1329.000000
Outros;41.000000;1356.000000
Outros;42.000000;1371.000000
Outros;43.000000;1402.000000
Outros;44.000000;1432.000000
Outros;45.000000;1393.000000
Outros;46.000000;1419.000000
Outros;47.000000;1419.000000
Outros;48.000000;1490.000000
Outros;49.000000;1434.000000
Outros;50.000000;1454.000000
Outros;51.000000;1512.000000
Outros;52.000000;1464.000000
Outros;53.000000;1496.000000
Outros;54.000000;1473.000000
Outros;55.000000;1502.000000
Outros;56.000000;1548.000000
Outros;57.000000;1495.000000
Outros;58.000000;1504.000000
Outros;59.000000;1531.000000
Outros;60.000000;1637.000000
Outros;61.000000;1608.000000
Outros;62.000000;1583.000000
Outros;63.000000;1545.000000
Outros;63.001000;1545.000000
Outros;63.002000;1545.000000
Outros;63.003000;1545.000000
Outros;63.004000;1545.000000
Outros;64.000000;1549.000000
Outros;65.000000;1607.000000
Outros;66.000000;1570.000000
Outros;67.000000;1643.000000
Outros;68.000000;1654.000000
Outros;69.000000;1558.000000
Outros;70.000000;1706.000000
Outros;70.001000;1706.000000
Outros;70.002000;1706.000000
Outros;70.003000;1706.000000
Outros;70.004000;1706.000000
Outros;71.000000;1655.000000
Outros;72.000000;1789.000000
Outros;72.001000;1789.000000
Outros;72.002000;1789.000000
Outros;72.003000;1789.000000
Outros;72.004000;1789.000000
Outros;73.000000;1692.000000
Outros;74.000000;1665.000000
Outros;74.001000;1665.000000
Outros;74.002000;1665.000000
Outros;74.003000;1665.000000
Outros;74.004000;1665.000000
Outros;75.000000;1702.000000
Outros;76.000000;1705.000000
Outros;77.000000;1727.000000
Outros;78.000000;1688.000000
Outros;79.000000;1789.000000
Outros;80.000000;1791.000000
Outros;81.000000;1874.000000
Outros;82.000000;1761.000000
Outros;83.000000;1829.000000
Outros;84.000000;1841.000000
Outros;85.000000;1714.000000
Outros;86.000000;1695.000000
Outros;87.000000;1736.000000
Outros;88.000000;1818.000000
Outros;89.000000;1770.000000
Outros;90.000000;1816.000000
Outros;91.000000;1861.000000
Outros;92.000000;1873.000000
Outros;93.000000;1878.000000
Outros;94.000000;1905.000000
Outros;95.000000;1868.000000
Outros;96.000000;2007.000000
Outros;97.000000;1890.000000
Outros;98.000000;1944.000000
Outros;99.000000;1866.000000
Outros;100.000000;1919.000000
Outros;101.000000;1873.000000
Outros;102.000000;1911.000000
Outros;103.000000;2006.000000
Outros;104.000000;1981.000000
Outros;105.000000;1991.000000
Outros;106.000000;1996.000000
Outros;107.000000;1977.000000
Outros;108.000000;2093.000000
Outros;109.000000;2007.000000
Outros;110.000000;2016.000000
Outros;111.000000;2161.000000
Outros;112.000000;2067.000000
Outros;113.000000;2120.000000
Outros;114.000000;2164.000000
Outros;115.000000;2231.000000
Outros;116.000000;2346.000000
Outros;117.000000;2361.000000
Outros;118.000000;2275.000000
Outros;119.000000;2356.000000
Outros;120.000000;2379.000000
Outros;121.000000;2375.000000
Outros;122.000000;2329.000000
Outros;123.000000;2305.000000
Outros;124.000000;2257.000000
Outros;125.000000;2323.000000
Outros;126.000000;2323.000000
Outros;127.000000;2339.000000
Outros;128.000000;2423.000000
Outros;129.000000;2351.000000
Outros;130.000000;2391.000000
Outros;131.000000;2371.000000
Outros;132.000000;2443.000000
Outros;133.000000;2433.000000
Outros;134.000000;2368.000000
Outros;135.000000;2424.000000
Outros;136.000000;2362.000000
Outros;137.000000;2386.000000
Outros;138.000000;2381.000000
Outros;139.000000;2445.000000
Outros;140.000000;2469.000000
Outros;141.000000;2390.000000
Outros;142.000000;2497.000000
Outros;143.000000;2429.000000
Outros;144.000000;2620.000000
Outros;145.000000;2548.000000
Outros;146.000000;2493.000000
Outros;147.000000;2448.000000
Outros;148.000000;2503.000000
Outros;149.000000;2538.000000
Outros;150.000000;2509.000000
Outros;151.000000;2586.000000
Outros;152.000000;2618.000000
Outros;153.000000;2592.000000
Outros;154.000000;2666.000000
Outros;155.000000;2621.000000
Outros;156.000000;2717.000000
Outros;157.000000;2662.000000
Outros;158.000000;2599.000000
Outros;159.000000;2569.000000
Outros;160.000000;2575.000000
Outros;161.000000;2566.000000
Outros;162.000000;2649.000000
Outros;163.000000;2687.000000
Outros;164.000000;2624.000000
Outros;164.001000;2624.000000
Outros;164.002000;2624.000000
Outros;164.003000;2624.000000
Outros;164.004000;2624.000000
Outros;165.000000;2629.000000
Outros;166.000000;2684.000000
Outros;167.000000;2628.000000
Outros;168.000000;2787.000000
Outros;169.000000;2613.000000
Outros;170.000000;2670.000000
Outros;171.000000;2784.000000
Outros;172.000000;2678.000000
Outros;173.000000;2675.000000
Outros;174.000000;2678.000000
Outros;175.000000;2723.000000
Outros;176.000000;2775.000000
Outros;177.000000;2726.000000
Outros;178.000000;2782.000000
Outros;179.000000;2758.000000
Outros;180.000000;2879.000000
Outros;181.000000;2750.000000
Outros;182.000000;2734.000000
Outros;183.000000;2815.000000
Outros;184.000000;2759.000000
Outros;185.000000;2839.000000
Outros;186.000000;2776.000000
Outros;187.000000;2768.000000
Outros;188.000000;2958.000000
Outros;189.000000;2939.000000
Outros;190.000000;2900.000000
Outros;191.000000;2922.000000
Outros;192.000000;3039.000000
Outros;193.000000;2950.000000
Outros;194.000000;2981.000000
Outros;195.000000;2989.000000
Outros;196.000000;2912.000000
Outros;197.000000;2970.000000
Outros;198.000000;2986.000000
Outros;199.000000;3001.000000
Outros;200.000000;3191.000000
Outros;201.000000;3073.000000
Outros;202.000000;3117.000000
Outros;203.000000;3109.000000
Outros;204.000000;3107.000000
Outros;205.000000;3066.000000
Outros;206.000000;3022.000000
Outros;207.000000;3090.000000
Outros;208.000000;3022.000000
Outros;208.001000;3022.000000
Outros;208.002000;3022.000000
Outros;208.003000;3022.000000
Outros;208.004000;3022.000000
Outros;209.000000;3087.000000
Outros;210.000000;3033.000000
Outros;211.000000;3141.000000
Outros;212.000000;3184.000000
Outros;213.000000;3198.000000
Outros;214.000000;3176.000000
Outros;215.000000;3154.000000
Outros;216.000000;3281.000000
Outros;217.000000;3097.000000
Outros;218.000000;3215.000000
Outros;219.000000;3177.000000
Outros;220.000000;3235.000000
Outros;221.000000;3171.000000
Outros;222.000000;3220.000000
Outros;223.000000;3327.000000
Outros;224.000000;3417.000000
Outros;225.000000;3410.000000
Outros;226.000000;3395.000000
Outros;227.000000;3332.000000
Outros;228.000000;3461.000000
Outros;229.000000;3339.000000
Outros;230.000000;3355.000000
Outros;231.000000;3494.000000
Outros;232.000000;3449.000000
Outros;233.000000;3363.000000
Outros;234.000000;3432.000000
Outros;235.000000;3564.000000
Outros;236.000000;3596.000000
Outros;237.000000;3568.000000
Outros;238.000000;3535.000000
Outros;239.000000;3503.000000
Outros;240.000000;3648.000000
Outros;241.000000;3524.000000
Outros;241.001000;3524.000000
Outros;241.002000;3524.000000
Outros;241.003000;3524.000000
Outros;241.004000;3524.000000
Outros;242.000000;3525.000000
Outros;243.000000;3691.000000
Outros;244.000000;3558.000000
Outros;245.000000;3564.000000
Outros;246.000000;3537.000000
Outros;247.000000;3622.000000
Outros;248.000000;3723.000000
Outros;249.000000;3699.000000
Outros;250.000000;3696.000000
Outros;251.000000;3631.000000
Outros;252.000000;3724.000000
Outros;253.000000;3652.000000
Outros;254.000000;3695.000000
Outros;255.000000;3628.000000
Outros;256.000000;3725.000000
Outros;257.000000;3756.000000
Outros;258.000000;3751.000000
Outros;259.000000;3790.000000
Outros;260.000000;3812.000000
Outros;261.000000;3824.000000
Outros;262.000000;3914.000000
Outros;263.000000;3740.000000
Outros;264.000000;3808.000000
Outros;265.000000;3894.000000
Outros;265.001000;3894.000000
Outros;265.002000;3894.000000
Outros;265.003000;3894.000000
Outros;265.004000;3894.000000
Outros;266.000000;3813.000000
Outros;267.000000;3927.000000
Outros;268.000000;3876.000000
Outros;269.000000;3605.000000
Outros;270.000000;3261.000000
Outros;270.001000;3261.000000
Outros;270.002000;3261.000000
Outros;270.003000;3261.000000
Outros;270.004000;3261.000000
Outros;271.000000;3251.000000
Outros;272.000000;3337.000000
Outros;273.000000;3288.000000
Outros;274.000000;3335.000000
Outros;275.000000;3267.000000
Outros;276.000000;3483.000000
Outros;277.000000;3365.000000
Outros;277.001000;3365.000000
Outros;277.002000;3365.000000
Outros;277.003000;3365.000000
Outros;277.004000;3365.000000
Outros;278.000000;3375.000000
Outros;278.001000;3375.000000
Outros;278.002000;3375.000000
Outros;278.003000;3375.000000
Outros;278.004000;3375.000000
Outros;279.000000;3739.000000
Outros;280.000000;3691.000000
Outros;281.000000;3702.000000
Outros;282.000000;3705.000000
Outros;283.000000;3759.000000
Outros;284.000000;3828.000000
Outros;285.000000;3923.000000
Outros;286.000000;3923.000000
Outros;287.000000;3833.000000
Outros;288.000000;3839.000000
Outros;289.000000;3823.000000
Outros;290.000000;3877.000000
Outros;291.000000;3761.000000
Outros;292.000000;3847.000000
Outros;293.000000;3871.000000
Outros;294.000000;3900.000000
Outros;295.000000;3941.000000
Outros;296.000000;3985.000000
Outros;297.000000;4121.000000
Outros;298.000000;4074.000000
Outros;299.000000;4032.000000
Outros;300.000000;3944.000000
Outros;301.000000;3790.000000
Outros;302.000000;3872.000000
Outros;303.000000;3903.000000
Outros;304.000000;3829.000000
Outros;305.000000;3844.000000
Outros;306.000000;3859.000000
Outros;307.000000;3893.000000
Outros;308.000000;4046.000000
Outros;309.000000;4227.000000
Outros;310.000000;4055.000000
Outros;311.000000;4127.000000
Outros;312.000000;4114.000000
Outros;313.000000;3968.000000
Outros;314.000000;4116.000000
Outros;315.000000;4163.000000
Outros;316.000000;4094.000000
Outros;317.000000;4107.000000
Outros;318.000000;4100.000000
Outros;319.000000;4163.000000
Outros;320.000000;4324.000000
Outros;321.000000;4303.000000
Outros;322.000000;4329.000000
Outros;323.000000;4215.000000
Outros;324.000000;4219.000000
Outros;325.000000;4382.000000
Outros;326.000000;4232.000000
Outros;327.000000;4293.000000
Outros;328.000000;4166.000000
Outros;329.000000;4217.000000
Outros;330.000000;4294.000000
Outros;331.000000;4374.000000
Outros;332.000000;4451.000000
Outros;333.000000;4427.000000
Outros;334.000000;4334.000000
Outros;335.000000;4408.000000
Outros;336.000000;4456.000000
Outros;336.001000;4456.000000
Outros;336.002000;4456.000000
Outros;336.003000;4456.000000
Outros;336.004000;4456.000000
Outros;337.000000;4324.000000
Outros;338.000000;4343.000000
Outros;339.000000;4503.000000
Outros;340.000000;4470.000000
Outros;341.000000;4393.000000
Outros;342.000000;4373.000000
Outros;343.000000;4456.000000
Outros;344.000000;4633.000000
Outros;345.000000;4790.000000
Outros;346.000000;4755.000000
Outros;347.000000;4633.000000
Outros;348.000000;4701.000000
Outros;349.000000;4616.000000
Outros;350.000000;4528.000000
Outros;351.000000;4467.000000
Outros;352.000000;4484.000000
Outros;353.000000;4512.000000
Outros;354.000000;4552.000000
Outros;355.000000;4737.000000
Outros;356.000000;4864.000000
Outros;357.000000;4907.000000
Outros;357.001000;4907.000000
Outros;357.002000;4907.000000
Outros;357.003000;4907.000000
Outros;357.004000;4907.000000
Outros;358.000000;4898.000000
Outros;359.000000;4813.000000
Outros;360.000000;4770.000000
Outros;361.000000;4566.000000
Outros;362.000000;4740.000000
Outros;363.000000;4686.000000
Outros;364.000000;4533.000000
Outros;365.000000;4558.000000
Outros;366.000000;4612.000000
Outros;367.000000;4669.000000
Outros;368.000000;4769.000000
Outros;369.000000;4849.000000
Outros;370.000000;4802.000000
Outros;370.001000;4802.000000
Outros;370.002000;4802.000000
Outros;370.003000;4802.000000
Outros;370.004000;4802.000000
Outros;371.000000;4923.000000
Outros;372.000000;4851.000000
Outros;373.000000;4856.000000
Outros;374.000000;5037.000000
Outros;375.000000;4946.000000
Outros;376.000000;4906.000000
Outros;377.000000;4895.000000
Outros;378.000000;4876.000000
Outros;379.000000;4995.000000
Outros;380.000000;5216.000000
Outros;381.000000;5092.000000
Outros;382.000000;4967.000000
Outros;383.000000;5182.000000
Outros;384.000000;5348.000000
Outros;385.000000;5223.000000
Outros;386.000000;5283.000000
Outros;387.000000;5181.000000
Outros;388.000000;5173.000000
Outros;389.000000;5188.000000
Outros;390.000000;5200.000000
Outros;391.000000;5404.000000
Outros;392.000000;5598.000000
Outros;393.000000;5553.000000
Outros;394.000000;5375.000000
Outros;395.000000;5480.000000
Outros;396.000000;5472.000000
Outros;397.000000;5528.000000
Outros;398.000000;5737.000000
Outros;398.001000;5737.000000
Outros;398.002000;5737.000000
Outros;398.003000;5737.000000
Outros;398.004000;5737.000000
Outros;399.000000;5682.000000
Outros;400.000000;5597.000000
Outros;401.000000;5483.000000
Outros;402.000000;5396.000000
Outros;403.000000;5627.000000
Outros;404.000000;5838.000000
Outros;405.000000;5869.000000
Outros;406.000000;5883.000000
Outros;407.000000;5718.000000
Outros;408.000000;5870.000000
Outros;409.000000;5705.000000
Outros;410.000000;5791.000000
Outros;411.000000;5709.000000
Outros;412.000000;5701.000000
Outros;413.000000;5615.000000
Outros;414.000000;5731.000000
Outros;415.000000;5845.000000
Outros;416.000000;5920.000000
Outros;417.000000;6085.000000
Outros;418.000000;6100.000000
Outros;419.000000;5994.000000
Outros;420.000000;6471.000000
Outros;421.000000;6753.000000
Outros;422.000000;6386.000000
Outros;423.000000;6163.000000
Outros;424.000000;6168.000000
Outros;425.000000;6052.000000
Outros;425.001000;6052.000000
Outros;425.002000;6052.000000
Outros;425.003000;6052.000000
Outros;425.004000;6052.000000
Outros;426.000000;6088.000000
Outros;427.000000;6186.000000
Outros;428.000000;6349.000000
Outros;429.000000;6605.000000
Outros;430.000000;6546.000000
Outros;431.000000;6408.000000
Outros;432.000000;6338.000000
Outros;433.000000;6375.000000
Outros;434.000000;6127.000000
Outros;435.000000;6118.000000
Outros;436.000000;5925.000000
Outros;437.000000;5874.000000
Outros;438.000000;5887.000000
Outros;439.000000;6147.000000
Outros;440.000000;6207.000000
Outros;441.000000;6371.000000
Outros;442.000000;6412.000000
Outros;443.000000;6324.000000
Outros;444.000000;6109.000000
Outros;445.000000;6065.000000
Outros;446.000000;6310.000000
Outros;447.000000;6368.000000
Outros;447.001000;6368.000000
Outros;447.002000;6368.000000
Outros;447.003000;6368.000000
Outros;447.004000;6368.000000
Outros;448.000000;6317.000000
Outros;449.000000;6169.000000
Outros;450.000000;6068.000000
Outros;451.000000;6254.000000
Outros;451.001000;6254.000000
Outros;451.002000;6254.000000
Outros;451.003000;6254.000000
Outros;451.004000;6254.000000
Outros;452.000000;6374.000000
Outros;453.000000;6347.000000
Outros;454.000000;6316.000000
Outros;455.000000;6352.000000
Outros;456.000000;6480.000000
Outros;457.000000;6253.000000
Outros;458.000000;6438.000000
Outros;459.000000;6386.000000
Outros;460.000000;6331.000000
Outros;461.000000;6256.000000
Outros;462.000000;6099.000000
Outros;463.000000;6313.000000
Outros;464.000000;6444.000000
Outros;465.000000;6544.000000
Outros;466.000000;6413.000000
Outros;467.000000;6306.000000
Outros;468.000000;6427.000000
Outros;469.000000;6205.000000
Outros;470.000000;6354.000000
Outros;471.000000;6358.000000
Outros;472.000000;6394.000000
Outros;472.001000;6394.000000
Outros;472.002000;6394.000000
Outros;472.003000;6394.000000
Outros;472.004000;6394.000000
Outros;473.000000;6385.000000
Outros;474.000000;6348.000000
Outros;475.000000;6513.000000
Outros;476.000000;6625.000000
Outros;477.000000;6624.000000
Outros;478.000000;6578.000000
Outros;479.000000;6555.000000
Outros;480.000000;6674.000000
Outros;481.000000;6786.000000
Outros;482.000000;6680.000000
Outros;483.000000;6498.000000
Outros;484.000000;6627.000000
Outros;485.000000;6458.000000
Outros;486.000000;6431.000000
Outros;487.000000;6552.000000
Outros;488.000000;6776.000000
Outros;489.000000;6973.000000
Outros;490.000000;7136.000000
Outros;490.001000;7136.000000
Outros;490.002000;7136.000000
Outros;490.003000;7136.000000
Outros;490.004000;7136.000000
Outros;491.000000;6954.000000
Outros;492.000000;6719.000000
Outros;493.000000;6573.000000
Outros;494.000000;6613.000000
Outros;494.001000;6613.000000
Outros;494.002000;6613.000000
Outros;494.003000;6613.000000
Outros;494.004000;6613.000000
Outros;495.000000;6243.000000
Outros;496.000000;6179.000000
Outros;496.001000;6179.000000
Outros;496.002000;6179.000000
Outros;496.003000;6179.000000
Outros;496.004000;6179.000000
Outros;497.000000;6103.000000
Outros;498.000000;6212.000000
Outros;499.000000;6495.000000
Outros;500.000000;6668.000000
Outros;501.000000;6947.000000
Outros;502.000000;6434.000000
Outros;502.001000;6434.000000
Outros;502.002000;6434.000000
Outros;502.003000;6434.000000
Outros;502.004000;6434.000000
Outros;503.000000;6537.000000
Outros;504.000000;6717.000000
Outros;504.001000;6717.000000
Outros;504.002000;6717.000000
Outros;504.003000;6717.000000
Outros;504.004000;6717.000000
Outros;505.000000;6583.000000
Outros;506.000000;6635.000000
Outros;507.000000;6624.000000
Total;-1.000000;0.000000
Total;0.000000;7947.000000
Total;1.000000;7859.000000
Total;2.000000;8108.000000
Total;3.000000;8138.000000
Total;4.000000;8355.000000
Total;5.000000;8379.000000
Total;6.000000;8455.000000
Total;7.000000;8496.000000
Total;8.000000;8805.000000
Total;9.000000;8682.000000
Total;10.000000;8963.000000
Total;11.000000;8959.000000
Total;12.000000;9003.000000
Total;13.000000;8891.000000
Total;14.000000;8956.000000
Total;15.000000;9066.000000
Total;16.000000;9251.000000
Total;17.000000;9298.000000
Total;18.000000;9234.000000
Total;19.000000;9679.000000
Total;20.000000;9614.000000
Total;21.000000;9608.000000
Total;22.000000;9954.000000
Total;23.000000;9501.000000
Total;24.000000;10102.000000
Total;25.000000;9468.000000
Total;26.000000;9804.000000
Total;27.000000;9405.000000
Total;28.000000;9656.000000
Total;29.000000;9360.000000
Total;30.000000;9470.000000
Total;31.000000;9752.000000
Total;32.000000;9486.000000
Total;33.000000;9589.000000
Total;34.000000;9781.000000
Total;35.000000;9529.000000
Total;36.000000;9885.000000
Total;37.000000;9393.000000
Total;38.000000;9712.000000
Total;39.000000;10447.000000
Total;40.000000;9999.000000
Total;41.000000;10193.000000
Total;42.000000;10325.000000
Total;43.000000;10541.000000
Total;44.000000;10698.000000
Total;45.000000;10515.000000
Total;46.000000;10644.000000
Total;47.000000;10453.000000
Total;48.000000;10630.000000
Total;49.000000;10253.000000
Total;50.000000;10360.000000
Total;51.000000;11266.000000
Total;52.000000;10788.000000
Total;53.000000;11411.000000
Total;54.000000;10945.000000
Total;55.000000;11077.000000
Total;56.000000;11608.000000
Total;57.000000;11402.000000
Total;58.000000;11366.000000
Total;59.000000;11332.000000
Total;60.000000;11642.000000
Total;61.000000;11968.000000
Total;62.000000;12207.000000
Total;63.000000;11626.000000
Total;63.001000;11626.000000
Total;63.002000;11626.000000
Total;63.003000;11626.000000
Total;63.004000;11626.000000
Total;64.000000;12031.000000
Total;65.000000;12277.000000
Total;66.000000;12210.000000
Total;67.000000;12698.000000
Total;68.000000;12953.000000
Total;69.000000;12520.000000
Total;70.000000;13420.000000
Total;70.001000;13420.000000
Total;70.002000;13420.000000
Total;70.003000;13420.000000
Total;70.004000;13420.000000
Total;71.000000;12845.000000
Total;72.000000;13204.000000
Total;72.001000;13204.000000
Total;72.002000;13204.000000
Total;72.003000;13204.000000
Total;72.004000;13204.000000
Total;73.000000;13114.000000
Total;74.000000;13079.000000
Total;74.001000;13079.000000
Total;74.002000;13079.000000
Total;74.003000;13079.000000
Total;74.004000;13079.000000
Total;75.000000;13651.000000
Total;76.000000;13224.000000
Total;77.000000;13528.000000
Total;78.000000;12965.000000
Total;79.000000;13969.000000
Total;80.000000;13918.000000
Total;81.000000;14002.000000
Total;82.000000;14320.000000
Total;83.000000;14041.000000
Total;84.000000;14120.000000
Total;85.000000;13709.000000
Total;86.000000;13152.000000
Total;87.000000;13894.000000
Total;88.000000;14756.000000
Total;89.000000;14514.000000
Total;90.000000;14502.000000
Total;91.000000;15227.000000
Total;92.000000;15028.000000
Total;93.000000;15124.000000
Total;94.000000;15559.000000
Total;95.000000;14685.000000
Total;96.000000;15698.000000
Total;97.000000;14422.000000
Total;98.000000;14885.000000
Total;99.000000;14412.000000
Total;100.000000;14940.000000
Total;101.000000;14357.000000
Total;102.000000;14618.000000
Total;103.000000;15267.000000
Total;104.000000;15093.000000
Total;105.000000;15220.000000
Total;106.000000;15568.000000
Total;107.000000;15092.000000
Total;108.000000;15798.000000
Total;109.000000;15379.000000
Total;110.000000;15466.000000
Total;111.000000;16087.000000
Total;112.000000;15117.000000
Total;113.000000;15482.000000
Total;114.000000;15649.000000
Total;115.000000;15529.000000
Total;116.000000;16418.000000
Total;117.000000;16286.000000
Total;118.000000;15592.000000
Total;119.000000;15794.000000
Total;120.000000;15882.000000
Total;121.000000;16006.000000
Total;122.000000;15232.000000
Total;123.000000;16510.000000
Total;124.000000;15872.000000
Total;125.000000;16383.000000
Total;126.000000;16669.000000
Total;127.000000;16566.000000
Total;128.000000;17513.000000
Total;129.000000;16810.000000
Total;130.000000;17208.000000
Total;131.000000;16534.000000
Total;132.000000;16919.000000
Total;133.000000;16907.000000
Total;134.000000;16513.000000
Total;135.000000;16626.000000
Total;136.000000;15357.000000
Total;137.000000;16266.000000
Total;138.000000;16025.000000
Total;139.000000;16800.000000
Total;140.000000;17602.000000
Total;141.000000;16974.000000
Total;142.000000;17837.000000
Total;143.000000;16813.000000
Total;144.000000;16795.000000
Total;145.000000;16892.000000
Total;146.000000;16010.000000
Total;147.000000;16876.000000
Total;148.000000;17439.000000
Total;149.000000;17744.000000
Total;150.000000;17276.000000
Total;151.000000;18179.000000
Total;152.000000;18214.000000
Total;153.000000;17986.000000
Total;154.000000;18373.000000
Total;155.000000;17624.000000
Total;156.000000;17750.000000
Total;157.000000;17706.000000
Total;158.000000;17710.000000
Total;159.000000;17306.000000
Total;160.000000;17810.000000
Total;161.000000;17424.000000
Total;162.000000;17665.000000
Total;163.000000;18107.000000
Total;164.000000;17827.000000
Total;164.001000;17827.000000
Total;164.002000;17827.000000
Total;164.003000;17827.000000
Total;164.004000;17827.000000
Total;165.000000;17821.000000
Total;166.000000;18111.000000
Total;167.000000;17520.000000
Total;168.000000;18070.000000
Total;169.000000;17416.000000
Total;170.000000;17781.000000
Total;171.000000;19100.000000
Total;172.000000;18312.000000
Total;173.000000;18316.000000
Total;174.000000;18259.000000
Total;175.000000;18673.000000
Total;176.000000;18881.000000
Total;177.000000;18630.000000
Total;178.000000;18879.000000
Total;179.000000;18331.000000
Total;180.000000;18513.000000
Total;181.000000;18164.000000
Total;182.000000;18130.000000
Total;183.000000;19073.000000
Total;184.000000;18179.000000
Total;185.000000;18851.000000
Total;186.000000;18177.000000
Total;187.000000;18558.000000
Total;188.000000;19666.000000
Total;189.000000;19597.000000
Total;190.000000;19519.000000
Total;191.000000;19498.000000
Total;192.000000;20175.000000
Total;193.000000;19829.000000
Total;194.000000;20085.000000
Total;195.000000;20548.000000
Total;196.000000;19866.000000
Total;197.000000;19954.000000
Total;198.000000;20041.000000
Total;199.000000;20062.000000
Total;200.000000;21108.000000
Total;201.000000;20415.000000
Total;202.000000;21199.000000
Total;203.000000;20554.000000
Total;204.000000;20662.000000
Total;205.000000;21093.000000
Total;206.000000;21027.000000
Total;207.000000;21546.000000
Total;208.000000;21206.000000
Total;208.001000;21206.000000
Total;208.002000;21206.000000
Total;208.003000;21206.000000
Total;208.004000;21206.000000
Total;209.000000;21345.000000
Total;210.000000;20882.000000
Total;211.000000;22006.000000
Total;212.000000;21953.000000
Total;213.000000;21946.000000
Total;214.000000;22087.000000
Total;215.000000;21858.000000
Total;216.000000;22566.000000
Total;217.000000;22332.000000
Total;218.000000;21818.000000
Total;219.000000;22306.000000
Total;220.000000;22698.000000
Total;221.000000;22255.000000
Total;222.000000;22442.000000
Total;223.000000;23110.000000
Total;224.000000;23161.000000
Total;225.000000;23614.000000
Total;226.000000;23954.000000
Total;227.000000;23025.000000
Total;228.000000;23920.000000
Total;229.000000;23065.000000
Total;230.000000;23083.000000
Total;231.000000;24178.000000
Total;232.000000;23830.000000
Total;233.000000;22952.000000
Total;234.000000;23265.000000
Total;235.000000;24082.000000
Total;236.000000;24266.000000
Total;237.000000;24181.000000
Total;238.000000;24058.000000
Total;239.000000;23645.000000
Total;240.000000;23901.000000
Total;241.000000;23370.000000
Total;241.001000;23370.000000
Total;241.002000;23370.000000
Total;241.003000;23370.000000
Total;241.004000;23370.000000
Total;242.000000;23815.000000
Total;243.000000;25247.000000
Total;244.000000;23882.000000
Total;245.000000;24065.000000
Total;246.000000;24028.000000
Total;247.000000;24490.000000
Total;248.000000;24886.000000
Total;249.000000;24705.000000
Total;250.000000;24958.000000
Total;251.000000;24843.000000
Total;252.000000;25060.000000
Total;253.000000;25057.000000
Total;254.000000;25662.000000
Total;255.000000;25598.000000
Total;256.000000;25448.000000
Total;257.000000;25445.000000
Total;258.000000;25287.000000
Total;259.000000;25470.000000
Total;260.000000;25777.000000
Total;261.000000;26313.000000
Total;262.000000;26579.000000
Total;263.000000;25834.000000
Total;264.000000;25878.000000
Total;265.000000;26410.000000
Total;265.001000;26410.000000
Total;265.002000;26410.000000
Total;265.003000;26410.000000
Total;265.004000;26410.000000
Total;266.000000;26487.000000
Total;267.000000;27097.000000
Total;268.000000;26311.000000
Total;269.000000;23723.000000
Total;270.000000;20447.000000
Total;270.001000;20447.000000
Total;270.002000;20447.000000
Total;270.003000;20447.000000
Total;270.004000;20447.000000
Total;271.000000;20809.000000
Total;272.000000;21338.000000
Total;273.000000;21305.000000
Total;274.000000;21824.000000
Total;275.000000;21630.000000
Total;276.000000;22324.000000
Total;277.000000;22695.000000
Total;277.001000;22695.000000
Total;277.002000;22695.000000
Total;277.003000;22695.000000
Total;277.004000;22695.000000
Total;278.000000;23251.000000
Total;278.001000;23251.000000
Total;278.002000;23251.000000
Total;278.003000;23251.000000
Total;278.004000;23251.000000
Total;279.000000;24719.000000
Total;280.000000;24728.000000
Total;281.000000;24234.000000
Total;282.000000;23695.000000
Total;283.000000;24442.000000
Total;284.000000;24438.000000
Total;285.000000;24924.000000
Total;286.000000;25468.000000
Total;287.000000;24949.000000
Total;288.000000;25152.000000
Total;289.000000;24965.000000
Total;290.000000;25281.000000
Total;291.000000;24787.000000
Total;292.000000;24889.000000
Total;293.000000;24535.000000
Total;294.000000;24443.000000
Total;295.000000;24629.000000
Total;296.000000;24621.000000
Total;297.000000;25715.000000
Total;298.000000;25786.000000
Total;299.000000;26189.000000
Total;300.000000;26799.000000
Total;301.000000;26335.000000
Total;302.000000;27097.000000
Total;303.000000;27866.000000
Total;304.000000;27064.000000
Total;305.000000;26907.000000
Total;306.000000;27170.000000
Total;307.000000;27479.000000
Total;308.000000;28056.000000
Total;309.000000;28368.000000
Total;310.000000;28185.000000
Total;311.000000;28381.000000
Total;312.000000;28220.000000
Total;313.000000;27699.000000
Total;314.000000;28445.000000
Total;315.000000;29207.000000
Total;316.000000;28482.000000
Total;317.000000;28326.000000
Total;318.000000;28322.000000
Total;319.000000;28611.000000
Total;320.000000;29187.000000
Total;321.000000;29145.000000
Total;322.000000;29288.000000
Total;323.000000;29352.000000
Total;324.000000;28881.000000
Total;325.000000;29383.000000
Total;326.000000;29898.000000
Total;327.000000;29888.000000
Total;328.000000;28925.000000
Total;329.000000;29069.000000
Total;330.000000;29114.000000
Total;331.000000;29886.000000
Total;332.000000;29917.000000
Total;333.000000;30144.000000
Total;334.000000;30531.000000
Total;335.000000;30494.000000
Total;336.000000;30700.000000
Total;336.001000;30700.000000
Total;336.002000;30700.000000
Total;336.003000;30700.000000
Total;336.004000;30700.000000
Total;337.000000;30325.000000
Total;338.000000;31313.000000
Total;339.000000;32031.000000
Total;340.000000;31383.000000
Total;341.000000;30767.000000
Total;342.000000;30500.000000
Total;343.000000;31181.000000
Total;344.000000;31736.000000
Total;345.000000;32136.000000
Total;346.000000;32654.000000
Total;347.000000;32305.000000
Total;348.000000;31856.000000
Total;349.000000;31731.000000
Total;350.000000;32119.000000
Total;351.000000;31953.000000
Total;352.000000;32300.000000
Total;353.000000;31743.000000
Total;354.000000;32150.000000
Total;355.000000;33014.000000
Total;356.000000;32964.000000
Total;357.000000;33674.000000
Total;357.001000;33674.000000
Total;357.002000;33674.000000
Total;357.003000;33674.000000
Total;357.004000;33674.000000
Total;358.000000;33410.000000
Total;359.000000;31559.000000
Total;360.000000;30667.000000
Total;361.000000;30495.000000
Total;362.000000;31978.000000
Total;363.000000;32043.000000
Total;364.000000;30945.000000
Total;365.000000;30715.000000
Total;366.000000;31325.000000
Total;367.000000;32262.000000
Total;368.000000;32717.000000
Total;369.000000;33420.000000
Total;370.000000;33617.000000
Total;370.001000;33617.000000
Total;370.002000;33617.000000
Total;370.003000;33617.000000
Total;370.004000;33617.000000
Total;371.000000;34123.000000
Total;372.000000;33362.000000
Total;373.000000;33731.000000
Total;374.000000;35118.000000
Total;375.000000;35027.000000
Total;376.000000;34298.000000
Total;377.000000;34171.000000
Total;378.000000;33851.000000
Total;379.000000;34715.000000
Total;380.000000;35184.000000
Total;381.000000;35190.000000
Total;382.000000;35079.000000
Total;383.000000;35958.000000
Total;384.000000;35875.000000
Total;385.000000;35446.000000
Total;386.000000;36352.000000
Total;387.000000;36050.000000
Total;388.000000;35567.000000
Total;389.000000;35161.000000
Total;390.000000;35419.000000
Total;391.000000;36337.000000
Total;392.000000;36967.000000
Total;393.000000;36745.000000
Total;394.000000;36370.000000
Total;395.000000;36744.000000
Total;396.000000;36305.000000
Total;397.000000;36901.000000
Total;398.000000;38623.000000
Total;398.001000;38623.000000
Total;398.002000;38623.000000
Total;398.003000;38623.000000
Total;398.004000;38623.000000
Total;399.000000;37996.000000
Total;400.000000;36810.000000
Total;401.000000;36528.000000
Total;402.000000;35917.000000
Total;403.000000;37180.000000
Total;404.000000;37662.000000
Total;405.000000;37796.000000
Total;406.000000;38644.000000
Total;407.000000;37765.000000
Total;408.000000;38367.000000
Total;409.000000;38006.000000
Total;410.000000;38442.000000
Total;411.000000;38654.000000
Total;412.000000;38345.000000
Total;413.000000;37628.000000
Total;414.000000;37698.000000
Total;415.000000;38613.000000
Total;416.000000;38525.000000
Total;417.000000;39489.000000
Total;418.000000;40003.000000
Total;419.000000;39593.000000
Total;420.000000;40551.000000
Total;421.000000;41944.000000
Total;422.000000;40498.000000
Total;423.000000;39792.000000
Total;424.000000;39291.000000
Total;425.000000;37920.000000
Total;425.001000;37920.000000
Total;425.002000;37920.000000
Total;425.003000;37920.000000
Total;425.004000;37920.000000
Total;426.000000;38071.000000
Total;427.000000;38750.000000
Total;428.000000;39085.000000
Total;429.000000;40291.000000
Total;430.000000;41158.000000
Total;431.000000;40073.000000
Total;432.000000;40635.000000
Total;433.000000;40605.000000
Total;434.000000;39602.000000
Total;435.000000;39433.000000
Total;436.000000;38050.000000
Total;437.000000;37131.000000
Total;438.000000;36684.000000
Total;439.000000;37725.000000
Total;440.000000;37716.000000
Total;441.000000;39168.000000
Total;442.000000;39114.000000
Total;443.000000;38539.000000
Total;444.000000;38225.000000
Total;445.000000;38504.000000
Total;446.000000;39233.000000
Total;447.000000;40087.000000
Total;447.001000;40087.000000
Total;447.002000;40087.000000
Total;447.003000;40087.000000
Total;447.004000;40087.000000
Total;448.000000;38496.000000
Total;449.000000;37371.000000
Total;450.000000;37097.000000
Total;451.000000;37624.000000
Total;451.001000;37624.000000
Total;451.002000;37624.000000
Total;451.003000;37624.000000
Total;451.004000;37624.000000
Total;452.000000;38293.000000
Total;453.000000;38083.000000
Total;454.000000;38647.000000
Total;455.000000;38721.000000
Total;456.000000;39240.000000
Total;457.000000;38576.000000
Total;458.000000;40408.000000
Total;459.000000;39188.000000
Total;460.000000;38034.000000
Total;461.000000;37864.000000
Total;462.000000;37223.000000
Total;463.000000;37658.000000
Total;464.000000;38773.000000
Total;465.000000;39152.000000
Total;466.000000;39629.000000
Total;467.000000;39396.000000
Total;468.000000;39509.000000
Total;469.000000;39225.000000
Total;470.000000;39968.000000
Total;471.000000;40606.000000
Total;472.000000;39143.000000
Total;472.001000;39143.000000
Total;472.002000;39143.000000
Total;472.003000;39143.000000
Total;472.004000;39143.000000
Total;473.000000;37791.000000
Total;474.000000;37894.000000
Total;475.000000;38596.000000
Total;476.000000;39080.000000
Total;477.000000;39742.000000
Total;478.000000;40318.000000
Total;479.000000;39771.000000
Total;480.000000;41142.000000
Total;481.000000;41162.000000
Total;482.000000;40938.000000
Total;483.000000;39534.000000
Total;484.000000;40435.000000
Total;485.000000;38213.000000
Total;486.000000;38265.000000
Total;487.000000;38613.000000
Total;488.000000;39183.000000
Total;489.000000;40959.000000
Total;490.000000;41700.000000
Total;490.001000;41700.000000
Total;490.002000;41700.000000
Total;490.003000;41700.000000
Total;490.004000;41700.000000
Total;491.000000;40638.000000
Total;492.000000;41144.000000
Total;493.000000;40697.000000
Total;494.000000;40946.000000
Total;494.001000;40946.000000
Total;494.002000;40946.000000
Total;494.003000;40946.000000
Total;494.004000;40946.000000
Total;495.000000;37116.000000
Total;496.000000;36051.000000
Total;496.001000;36051.000000
Total;496.002000;36051.000000
Total;496.003000;36051.000000
Total;496.004000;36051.000000
Total;497.000000;35630.000000
Total;498.000000;37715.000000
Total;499.000000;39122.000000
Total;500.000000;40227.000000
Total;501.000000;42426.000000
Total;502.000000;40986.000000
Total;502.001000;40986.000000
Total;502.002000;40986.000000
Total;502.003000;40986.000000
Total;502.004000;40986.000000
Total;503.000000;41884.000000
Total;504.000000;42413.000000
Total;504.001000;42413.000000
Total;504.002000;42413.000000
Total;504.003000;42413.000000
Total;504.004000;42413.000000
Total;505.000000;41182.000000
Total;506.000000;43308.000000
Total;507.000000;42293.000000
